group,net_id,tde,gradient1,gradient2,gradient3,network,himoshpere,node
HC,7Networks_LH_Vis_1,-0.023626,-0.1963195730798793,17.588230709472903,0.48151514265409007,visual,LH,Vis_1
HC,7Networks_LH_Vis_2,-0.16548,-7.4367911010029895,8.919103889578059,-2.6174403993889785,visual,LH,Vis_2
HC,7Networks_LH_Vis_3,0.081689,0.68911736079696,19.051343770437242,2.2604778937861156,visual,LH,Vis_3
HC,7Networks_LH_Vis_4,-0.2332,3.3146673505500805,20.60918310533733,-3.905960101808529,visual,LH,Vis_4
HC,7Networks_LH_Vis_5,-0.17719,2.3354313802392053,21.18786015042364,-0.5313004821899988,visual,LH,Vis_5
HC,7Networks_LH_Vis_6,0.22563,-1.0484532945830756,17.490347841441682,2.24293080429821,visual,LH,Vis_6
HC,7Networks_LH_Vis_7,0.024449,-1.5248074567276717,15.407334960170335,-5.9583410430597015,visual,LH,Vis_7
HC,7Networks_LH_Vis_8,0.093372,0.9013561850075217,16.17164047359165,4.681286919220175,visual,LH,Vis_8
HC,7Networks_LH_Vis_9,0.13449,0.20748394177304524,19.233076367598002,2.1599469146142845,visual,LH,Vis_9
HC,7Networks_LH_Vis_10,-0.1326,5.951563653369165,19.380155415472927,-4.8405078704471345,visual,LH,Vis_10
HC,7Networks_LH_Vis_11,0.14665,2.7386789369183226,21.196798122253593,-2.425311887125984,visual,LH,Vis_11
HC,7Networks_LH_Vis_12,0.14032,-0.7564893149509505,18.067458096865217,2.7227172135528424,visual,LH,Vis_12
HC,7Networks_LH_Vis_13,0.11665,4.165031208204023,19.320103556729784,-5.727687121888939,visual,LH,Vis_13
HC,7Networks_LH_Vis_14,0.056278,0.44034129579232895,19.69231625571822,1.9633799327740595,visual,LH,Vis_14
HC,7Networks_LH_Vis_15,0.24426,0.5744198639372642,20.68869650850202,1.9536510128403066,visual,LH,Vis_15
HC,7Networks_LH_Vis_16,0.036784,4.99722597693214,19.126572090781448,-5.421243325958718,visual,LH,Vis_16
HC,7Networks_LH_Vis_17,-0.024577,1.802860569994243,18.770907489303912,0.9361410788273751,visual,LH,Vis_17
HC,7Networks_LH_Vis_18,-0.071171,2.5707857378861787,21.761954558699678,-1.58066531530307,visual,LH,Vis_18
HC,7Networks_LH_Vis_19,0.046496,0.7806304584055836,20.883507619770576,1.5181067896372973,visual,LH,Vis_19
HC,7Networks_LH_Vis_20,0.19227,2.8601019760172104,18.637078093432816,-5.598706413907661,visual,LH,Vis_20
HC,7Networks_LH_Vis_21,-0.071329,4.552649851543946,20.235080089364878,-4.664709212751185,visual,LH,Vis_21
HC,7Networks_LH_Vis_22,-0.12136,6.713155267641712,17.679913809637068,-5.739019274863225,visual,LH,Vis_22
HC,7Networks_LH_Vis_23,-0.075113,1.6059408059721296,18.068727485380602,2.5375905342658545,visual,LH,Vis_23
HC,7Networks_LH_Vis_24,0.0098317,2.929744005989181,22.377376496762835,-1.6247336827417052,visual,LH,Vis_24
HC,7Networks_LH_Vis_25,0.0031646,4.852039326885853,20.382162912117973,-4.489988686256769,visual,LH,Vis_25
HC,7Networks_LH_Vis_26,-0.16051,3.7951995194236328,17.566268178782355,-5.489200100640096,visual,LH,Vis_26
HC,7Networks_LH_Vis_27,-0.089563,2.5272645836882752,19.390052099842624,1.5302562374550182,visual,LH,Vis_27
HC,7Networks_LH_Vis_28,-0.092063,0.749601066574601,14.153947543698296,5.8181934836886375,visual,LH,Vis_28
HC,7Networks_LH_Vis_29,0.13354,3.3635123083154554,21.385397925845787,-2.551715248629685,visual,LH,Vis_29
HC,7Networks_LH_Vis_30,0.079721,4.358756134624258,17.853677918582648,-4.443670127595257,visual,LH,Vis_30
HC,7Networks_LH_Vis_31,0.041319,1.6159702413901418,13.369582463209673,7.2503167044908805,visual,LH,Vis_31
HC,7Networks_LH_SomMot_1,0.030292,19.676877503477456,-13.048250887238028,0.807281021610234,somMot,LH,SomMot_1
HC,7Networks_LH_SomMot_2,0.072696,19.364490220800306,-11.676406836690544,-0.12450089583882094,somMot,LH,SomMot_2
HC,7Networks_LH_SomMot_3,0.0029675,21.35875780659186,-13.25801327241305,0.7418936342031467,somMot,LH,SomMot_3
HC,7Networks_LH_SomMot_4,-0.13554,21.938461052153798,-12.199457076171404,0.48366722558768405,somMot,LH,SomMot_4
HC,7Networks_LH_SomMot_5,0.022719,23.043829769152914,-11.318943198975273,-1.0494253228552253,somMot,LH,SomMot_5
HC,7Networks_LH_SomMot_6,-0.026174,19.023716365209282,-11.722055648667805,0.09076560346854133,somMot,LH,SomMot_6
HC,7Networks_LH_SomMot_7,-0.047583,21.486738164828516,-12.229527583897553,-0.09493931870119723,somMot,LH,SomMot_7
HC,7Networks_LH_SomMot_8,0.0025318,22.794306565854257,-12.080538787787622,-0.3546728506217913,somMot,LH,SomMot_8
HC,7Networks_LH_SomMot_9,0.045534,22.047430134037906,-11.352465748943478,-0.16421166284471017,somMot,LH,SomMot_9
HC,7Networks_LH_SomMot_10,0.023534,23.084243158218964,-11.2708075894513,-0.9148852658686923,somMot,LH,SomMot_10
HC,7Networks_LH_SomMot_11,0.085084,22.98815000323521,-10.04717388921186,-0.7197631178437357,somMot,LH,SomMot_11
HC,7Networks_LH_SomMot_12,-0.1173,28.276935885155655,-6.494656001849514,-4.157930094637552,somMot,LH,SomMot_12
HC,7Networks_LH_SomMot_13,-0.024258,27.54975021434659,-4.152693440114735,-4.5771066642801275,somMot,LH,SomMot_13
HC,7Networks_LH_SomMot_14,-0.091229,28.549167813977792,-4.1471684492309,-5.48985952132021,somMot,LH,SomMot_14
HC,7Networks_LH_SomMot_15,-0.15672,25.350634625630175,-2.433819878220901,-2.782741022773622,somMot,LH,SomMot_15
HC,7Networks_LH_SomMot_16,-0.13392,27.597085226595198,-5.090385151348514,-4.362029173826896,somMot,LH,SomMot_16
HC,7Networks_LH_SomMot_17,-0.077293,28.113782859365205,-4.225791618297819,-5.49876131506007,somMot,LH,SomMot_17
HC,7Networks_LH_SomMot_18,-0.078707,24.259947131671957,-6.386607188584261,-3.364690367299675,somMot,LH,SomMot_18
HC,7Networks_LH_SomMot_19,-0.20268,26.710001764390615,-4.183242158052064,-4.687587904497684,somMot,LH,SomMot_19
HC,7Networks_LH_SomMot_20,-0.046428,27.591966470052345,-2.992800665975583,-5.538874141187041,somMot,LH,SomMot_20
HC,7Networks_LH_SomMot_21,-0.029022,26.155658135775454,-1.8409848493744978,-4.51897479730902,somMot,LH,SomMot_21
HC,7Networks_LH_SomMot_22,-0.19627,26.842622333364687,-2.0716751859141107,-5.535855536443901,somMot,LH,SomMot_22
HC,7Networks_LH_SomMot_23,0.0061309,22.056559238146097,1.3642807469047915,-5.672358633120875,somMot,LH,SomMot_23
HC,7Networks_LH_SomMot_24,-0.18091,26.050917402879357,-3.4093258455503728,-5.4330294806915616,somMot,LH,SomMot_24
HC,7Networks_LH_SomMot_25,-0.21126,24.29417215396274,-8.116814074418759,-2.1192212900161373,somMot,LH,SomMot_25
HC,7Networks_LH_SomMot_26,-0.026386,26.05387886291488,-1.9588309025691097,-4.87034064837923,somMot,LH,SomMot_26
HC,7Networks_LH_SomMot_27,0.069697,22.64863507629804,0.21223701138496257,-1.96891546832546,somMot,LH,SomMot_27
HC,7Networks_LH_SomMot_28,0.022729,26.8758891899681,-2.3437253771924396,-5.698524314332836,somMot,LH,SomMot_28
HC,7Networks_LH_SomMot_29,0.05244,25.16110453488378,-0.9062628584224373,-5.056759353376007,somMot,LH,SomMot_29
HC,7Networks_LH_SomMot_30,-0.11213,19.132761051217607,0.8441635624448514,1.7008553765637568,somMot,LH,SomMot_30
HC,7Networks_LH_SomMot_31,-0.12117,26.07395648633981,-2.362329260199505,-5.454047209573016,somMot,LH,SomMot_31
HC,7Networks_LH_SomMot_32,0.23587,20.287025559341593,3.551835919272661,-5.632845638289349,somMot,LH,SomMot_32
HC,7Networks_LH_SomMot_33,-1.0232e-4,25.318291281912245,-1.7815086791793446,-5.870671987393528,somMot,LH,SomMot_33
HC,7Networks_LH_SomMot_34,0.039111,23.597826541934385,-2.3251138376203078,-3.437410800811995,somMot,LH,SomMot_34
HC,7Networks_LH_SomMot_35,0.017015,26.583263159980447,-3.435150693244339,-5.5539872675531115,somMot,LH,SomMot_35
HC,7Networks_LH_SomMot_36,0.15278,25.264125091237414,-1.6093159636989671,-5.24929349211502,somMot,LH,SomMot_36
HC,7Networks_LH_SomMot_37,0.087532,25.306045371642316,-1.309254896850223,-5.751301687991426,somMot,LH,SomMot_37
HC,7Networks_LH_DorsAttn_Post_1,0.067286,-5.487819998250189,9.858661473357744,1.1653928489816343,DMN,LH,DorsAttn_Post_1
HC,7Networks_LH_DorsAttn_Post_2,0.25924,-2.385229796774299,10.839574304642392,5.678247765925502,DMN,LH,DorsAttn_Post_2
HC,7Networks_LH_DorsAttn_Post_3,0.12428,1.059034299293344,8.881693738650524,7.929226661711654,DMN,LH,DorsAttn_Post_3
HC,7Networks_LH_DorsAttn_Post_4,-0.030645,-10.684883881647583,2.676460528236054,-1.6051769319254048,DMN,LH,DorsAttn_Post_4
HC,7Networks_LH_DorsAttn_Post_5,-0.11801,2.8532055620289185,10.705029198195279,8.937203182987624,DMN,LH,DorsAttn_Post_5
HC,7Networks_LH_DorsAttn_Post_6,-0.016295,9.152641848064212,2.01324123006807,8.984401418871373,DMN,LH,DorsAttn_Post_6
HC,7Networks_LH_DorsAttn_Post_7,-0.024789,2.8888198389112167,8.80852979111898,9.991494729238802,DMN,LH,DorsAttn_Post_7
HC,7Networks_LH_DorsAttn_Post_8,-0.11562,19.848653740467345,0.8825151217404651,1.69357877991148,DMN,LH,DorsAttn_Post_8
HC,7Networks_LH_DorsAttn_Post_9,-0.11665,0.6284559157936359,4.3361105550490064,11.874622955530286,DMN,LH,DorsAttn_Post_9
HC,7Networks_LH_DorsAttn_Post_10,-0.059652,2.6607730478711087,7.238346681446847,10.550404179652006,DMN,LH,DorsAttn_Post_10
HC,7Networks_LH_DorsAttn_Post_11,-0.093635,17.056535230225176,2.9362769218333304,3.228486067723248,DMN,LH,DorsAttn_Post_11
HC,7Networks_LH_DorsAttn_Post_12,0.069454,5.936292265848448,6.431400557580191,9.611808846009055,DMN,LH,DorsAttn_Post_12
HC,7Networks_LH_DorsAttn_Post_13,0.32489,1.3496043183058755,9.504980199008548,9.2005531626654,DMN,LH,DorsAttn_Post_13
HC,7Networks_LH_DorsAttn_Post_14,0.17778,5.305724185301706,8.230873306093782,9.138332526230219,DMN,LH,DorsAttn_Post_14
HC,7Networks_LH_DorsAttn_Post_15,0.48631,3.655818844344958,10.42237884501246,2.4499486741595886,DMN,LH,DorsAttn_Post_15
HC,7Networks_LH_DorsAttn_Post_16,0.23945,13.75740619607356,4.912613554020227,4.164750507438838,DMN,LH,DorsAttn_Post_16
HC,7Networks_LH_DorsAttn_Post_17,0.32127,20.916135106556723,2.427218321334354,-4.534107897500864,DMN,LH,DorsAttn_Post_17
HC,7Networks_LH_DorsAttn_FEF_1,-0.19789,-2.489075544834168,4.344095685005819,4.943837273919923,DMN,LH,DorsAttn_FEF_1
HC,7Networks_LH_DorsAttn_FEF_2,-0.19317,1.3915676741168406,6.157425820971934,10.821688337220504,DMN,LH,DorsAttn_FEF_2
HC,7Networks_LH_DorsAttn_FEF_3,-0.24859,7.136308600871082,4.719533954717301,9.136739585941726,DMN,LH,DorsAttn_FEF_3
HC,7Networks_LH_DorsAttn_FEF_4,-0.09751,-0.2968197568122249,4.181482148928723,10.442239307883177,DMN,LH,DorsAttn_FEF_4
HC,7Networks_LH_DorsAttn_PrCv_1,-0.26248,-1.6763747161190243,-0.9330202517964025,11.764864455941574,DMN,LH,DorsAttn_PrCv_1
HC,7Networks_LH_DorsAttn_PrCv_2,-0.24742,0.037172939034900446,1.6827684711109347,10.422408955987645,DMN,LH,DorsAttn_PrCv_2
HC,7Networks_LH_SalVentAttn_ParOper_1,0.024724,20.42443429936709,-11.706143922622594,0.8275144895443366,salince,LH,SalVentAttn_ParOper_1
HC,7Networks_LH_SalVentAttn_ParOper_2,-0.0024187,3.4373414214005296,-8.347478018597524,1.7648495955699424,salince,LH,SalVentAttn_ParOper_2
HC,7Networks_LH_SalVentAttn_ParOper_3,-0.055457,13.705263459896965,-2.1023894979455577,6.041926714056438,salince,LH,SalVentAttn_ParOper_3
HC,7Networks_LH_SalVentAttn_ParOper_4,-0.02249,8.080478116603253,-7.377965368185159,8.205488005347195,salince,LH,SalVentAttn_ParOper_4
HC,7Networks_LH_SalVentAttn_TempOcc_1,0.038972,-13.920913272483437,-3.200606959517381,-2.2635174679480556,salince,LH,SalVentAttn_TempOcc_1
HC,7Networks_LH_SalVentAttn_FrOperIns_1,0.059499,8.76914849769587,-10.415381549250037,-0.6320351409274212,salince,LH,SalVentAttn_FrOperIns_1
HC,7Networks_LH_SalVentAttn_FrOperIns_2,-0.050525,16.14283710594689,-12.97521594278371,3.1523377147640255,salince,LH,SalVentAttn_FrOperIns_2
HC,7Networks_LH_SalVentAttn_FrOperIns_3,-0.28062,-2.0961512776680347,-8.169436936230296,6.136318796829256,salince,LH,SalVentAttn_FrOperIns_3
HC,7Networks_LH_SalVentAttn_FrOperIns_4,0.013282,19.358719237716862,-13.695712851351015,1.9552175617095988,salince,LH,SalVentAttn_FrOperIns_4
HC,7Networks_LH_SalVentAttn_FrOperIns_5,-0.24299,8.887263561281156,-10.30940810400473,6.448416908451288,salince,LH,SalVentAttn_FrOperIns_5
HC,7Networks_LH_SalVentAttn_FrOperIns_6,-0.17983,16.865086128670164,-13.117864482225643,3.4133024748740737,salince,LH,SalVentAttn_FrOperIns_6
HC,7Networks_LH_SalVentAttn_FrOperIns_7,-0.051885,9.449919498439733,-11.473799846790675,5.228433825678833,salince,LH,SalVentAttn_FrOperIns_7
HC,7Networks_LH_SalVentAttn_FrOperIns_8,-0.018005,18.57393193517237,-12.702165162739304,2.212212924694605,salince,LH,SalVentAttn_FrOperIns_8
HC,7Networks_LH_SalVentAttn_FrOperIns_9,-0.25418,2.643960366115944,-4.219478077827155,9.755530050384936,salince,LH,SalVentAttn_FrOperIns_9
HC,7Networks_LH_SalVentAttn_PFCl_1,0.084731,-4.350907328347718,-6.78745306838928,3.811269533572704,salince,LH,SalVentAttn_PFCl_1
HC,7Networks_LH_SalVentAttn_Med_1,0.092125,3.0798451816676216,-10.18910416470215,3.8242786826475386,salince,LH,SalVentAttn_Med_1
HC,7Networks_LH_SalVentAttn_Med_2,0.10043,18.899927929376894,-10.84539952538706,0.9936262951372562,salince,LH,SalVentAttn_Med_2
HC,7Networks_LH_SalVentAttn_Med_3,-0.038862,18.61677675495724,-2.654523402488852,-1.4349311461031709,salince,LH,SalVentAttn_Med_3
HC,7Networks_LH_SalVentAttn_Med_4,-0.022295,11.329951360764987,-9.869991010674983,4.170362526756896,salince,LH,SalVentAttn_Med_4
HC,7Networks_LH_SalVentAttn_Med_5,0.0026395,17.987470995784193,2.6637531034158477,-4.170687850763693,salince,LH,SalVentAttn_Med_5
HC,7Networks_LH_SalVentAttn_Med_6,0.15467,11.591183434724467,7.991327837627671,-4.3220775686560575,salince,LH,SalVentAttn_Med_6
HC,7Networks_LH_SalVentAttn_Med_7,0.13528,18.211650122293335,-5.326725241435487,-0.6601691792826178,salince,LH,SalVentAttn_Med_7
HC,7Networks_LH_Limbic_OFC_1,0.077313,-12.925123221557776,2.08593946923825,-1.0878932921936544,limbic,LH,Limbic_OFC_1
HC,7Networks_LH_Limbic_OFC_2,0.011197,-14.809756573596095,-3.3425981212133515,-1.5872339681215764,limbic,LH,Limbic_OFC_2
HC,7Networks_LH_Limbic_OFC_3,0.052015,-16.20230090072535,-2.0826516727791975,-2.112486044278138,limbic,LH,Limbic_OFC_3
HC,7Networks_LH_Limbic_OFC_4,-0.16811,-16.057851044507043,-1.912419057390042,-2.943645883010405,limbic,LH,Limbic_OFC_4
HC,7Networks_LH_Limbic_OFC_5,0.063957,-20.968251823410323,-4.111683729039397,-4.351578322057525,limbic,LH,Limbic_OFC_5
HC,7Networks_LH_Limbic_TempPole_1,-0.05356,-16.63675163156813,-2.8320321580484777,-2.8022935567590914,limbic,LH,Limbic_TempPole_1
HC,7Networks_LH_Limbic_TempPole_2,-0.059894,-12.479504218924287,2.094390888300249,-1.401290258361742,limbic,LH,Limbic_TempPole_2
HC,7Networks_LH_Limbic_TempPole_3,-0.12411,-13.160165465163109,0.9044132630310204,-1.3282824883570514,limbic,LH,Limbic_TempPole_3
HC,7Networks_LH_Limbic_TempPole_4,-0.030267,-22.021088481863845,-6.6304999322563605,-4.209133315587695,limbic,LH,Limbic_TempPole_4
HC,7Networks_LH_Limbic_TempPole_5,0.019865,-14.137316679329127,-0.5987807444999251,-1.2161632283599304,limbic,LH,Limbic_TempPole_5
HC,7Networks_LH_Limbic_TempPole_6,0.058898,-17.38934858810557,-3.7215013619987483,-3.848431422506185,limbic,LH,Limbic_TempPole_6
HC,7Networks_LH_Limbic_TempPole_7,0.0248,-15.394605980394504,-3.149029408701858,-3.2611141646547543,limbic,LH,Limbic_TempPole_7
HC,7Networks_LH_Limbic_TempPole_8,0.02234,-16.546946482696693,-1.4348049805800598,-3.4149452162424283,limbic,LH,Limbic_TempPole_8
HC,7Networks_LH_Cont_Par_1,5.3075e-4,-6.448518452882355,3.492011878249014,9.021159547384515,control,LH,Cont_Par_1
HC,7Networks_LH_Cont_Par_2,-0.027853,-3.4248312767615814,-3.4258662524370997,11.647724995847547,control,LH,Cont_Par_2
HC,7Networks_LH_Cont_Par_3,-0.071015,-14.064851122180482,-4.420493509168778,8.112779374375522,control,LH,Cont_Par_3
HC,7Networks_LH_Cont_Par_4,0.0059138,-11.132438162005165,-1.6587217483958137,9.305228047184448,control,LH,Cont_Par_4
HC,7Networks_LH_Cont_Par_5,-0.039494,-7.428304216317375,-0.6388678776130615,11.15945688976895,control,LH,Cont_Par_5
HC,7Networks_LH_Cont_Par_6,-0.078506,3.2273034888611147,4.3692015455380275,11.2454666809417,control,LH,Cont_Par_6
HC,7Networks_LH_Cont_Temp_1,0.15589,-15.197254628221362,-3.389173823176173,5.859536886298269,control,LH,Cont_Temp_1
HC,7Networks_LH_Cont_OFC_1,0.050581,-14.29924250416437,-2.1484344866073193,1.5713350669031292,control,LH,Cont_OFC_1
HC,7Networks_LH_Cont_PFCl_1,-0.04338,-18.1231730308988,-4.927374741664566,3.2407061823307037,control,LH,Cont_PFCl_1
HC,7Networks_LH_Cont_PFCl_2,-0.16553,-12.002316972749375,-3.728780714274096,8.482042065496012,control,LH,Cont_PFCl_2
HC,7Networks_LH_Cont_PFCl_3,0.0061538,-13.1890641116158,-4.391819434678972,8.194526922076975,control,LH,Cont_PFCl_3
HC,7Networks_LH_Cont_PFCl_4,0.10533,-18.862704265424338,-5.267231239518638,0.8444393748838447,control,LH,Cont_PFCl_4
HC,7Networks_LH_Cont_PFCl_5,-0.028087,-3.907101288086173,-2.418895397612945,11.508840112412699,control,LH,Cont_PFCl_5
HC,7Networks_LH_Cont_PFCl_6,-0.17803,-13.835780775821393,-3.540177924129466,7.425339698733007,control,LH,Cont_PFCl_6
HC,7Networks_LH_Cont_PFCl_7,-0.25372,-11.195507922341196,-2.4283249435092102,9.009194778405979,control,LH,Cont_PFCl_7
HC,7Networks_LH_Cont_PFCl_8,0.0088874,-14.454149061294594,-4.432944822433731,6.0820541259529985,control,LH,Cont_PFCl_8
HC,7Networks_LH_Cont_PFCv_1,-0.18035,-8.144352335933132,-8.26865833511722,2.107737804652696,control,LH,Cont_PFCv_1
HC,7Networks_LH_Cont_pCun_1,0.31939,-2.6249283201883546,12.204858690089466,-0.6997413105557241,control,LH,Cont_pCun_1
HC,7Networks_LH_Cont_pCun_2,0.31964,-6.131281923396371,8.855582315575628,-1.4886638681510105,control,LH,Cont_pCun_2
HC,7Networks_LH_Cont_Cing_1,0.09101,-4.758756178690566,-8.002896792389391,5.2416202536323455,control,LH,Cont_Cing_1
HC,7Networks_LH_Cont_Cing_2,0.093816,-15.846926301089573,-6.166700331616711,-0.5359142529810683,control,LH,Cont_Cing_2
HC,7Networks_LH_Cont_PFCmp_1,-0.10834,-18.65472189526249,-5.7395443152724415,3.2685944730550522,control,LH,Cont_PFCmp_1
HC,7Networks_LH_Default_Temp_1,-0.10421,-21.048922860608958,-5.892927482105344,-5.1611139295761514,DMN,LH,Default_Temp_1
HC,7Networks_LH_Default_Temp_2,0.027092,-22.896173226894433,-6.131653449404603,-5.071189418269766,DMN,LH,Default_Temp_2
HC,7Networks_LH_Default_Temp_3,0.17174,-17.009132160602128,-4.0517880245421765,4.08307478932689,DMN,LH,Default_Temp_3
HC,7Networks_LH_Default_Temp_4,-0.013532,-20.21092199803262,-5.164368923893216,-5.262574640552614,DMN,LH,Default_Temp_4
HC,7Networks_LH_Default_Temp_5,0.078014,-6.804871818457437,-5.5631337590539145,-2.1571626418014724,DMN,LH,Default_Temp_5
HC,7Networks_LH_Default_Temp_6,0.06099,-20.805522773934104,-6.131775539708313,-4.217221031866095,DMN,LH,Default_Temp_6
HC,7Networks_LH_Default_Temp_7,-0.055842,-18.82892082382035,-5.402595063003196,-4.238828775454835,DMN,LH,Default_Temp_7
HC,7Networks_LH_Default_Temp_8,-0.018662,-15.474579217946605,-4.1471089016764235,-3.456927031417207,DMN,LH,Default_Temp_8
HC,7Networks_LH_Default_Temp_9,-0.035157,-16.103730355226876,-4.4698723331237264,-3.6544719115130038,DMN,LH,Default_Temp_9
HC,7Networks_LH_Default_Temp_10,-0.046577,-15.835482113918523,-4.290976019981019,-3.3804718122382194,DMN,LH,Default_Temp_10
HC,7Networks_LH_Default_Par_1,-0.042125,-13.767536276820582,-4.180027374110701,-3.200726005159657,DMN,LH,Default_Par_1
HC,7Networks_LH_Default_Par_2,-0.026171,-20.0295874281404,-4.6244044447653,-5.2200977615029815,DMN,LH,Default_Par_2
HC,7Networks_LH_Default_Par_3,-0.053835,-19.84377852600537,-2.0215661126155897,-4.632169567723181,DMN,LH,Default_Par_3
HC,7Networks_LH_Default_Par_4,-0.091617,-23.749828480863663,-6.183288107200209,-5.816966987383945,DMN,LH,Default_Par_4
HC,7Networks_LH_Default_Par_5,-0.077863,-22.452034036717524,-6.7808467927583225,-4.110220706860622,DMN,LH,Default_Par_5
HC,7Networks_LH_Default_Par_6,0.0083486,-23.13110312557394,-5.9209749781001655,-3.907047349447908,DMN,LH,Default_Par_6
HC,7Networks_LH_Default_Par_7,-0.049059,-20.759046688471123,-5.797667305219872,1.0354558945627206,DMN,LH,Default_Par_7
HC,7Networks_LH_Default_PFC_1,-0.010757,-17.44147946071405,-5.233446603362973,-3.450286560622801,DMN,LH,Default_PFC_1
HC,7Networks_LH_Default_PFC_2,-0.017855,-17.06102919172744,-3.3332509979799694,-0.5807570552715986,DMN,LH,Default_PFC_2
HC,7Networks_LH_Default_PFC_3,0.090593,-20.89908968640193,-5.290334345313549,-5.243880581770364,DMN,LH,Default_PFC_3
HC,7Networks_LH_Default_PFC_4,0.01187,-15.819792625014964,-4.555514577855866,-2.229333795520244,DMN,LH,Default_PFC_4
HC,7Networks_LH_Default_PFC_5,-0.021705,-19.020714625338314,-5.352333089455528,-2.939063532466983,DMN,LH,Default_PFC_5
HC,7Networks_LH_Default_PFC_6,0.062943,-20.705417714666485,-5.419001634240816,0.15127766509686746,DMN,LH,Default_PFC_6
HC,7Networks_LH_Default_PFC_7,-0.16372,-17.97969649528641,-5.510567908138885,-2.3406165532303183,DMN,LH,Default_PFC_7
HC,7Networks_LH_Default_PFC_8,0.06289,-21.367152806703114,-6.182857973915204,-4.9008455585311825,DMN,LH,Default_PFC_8
HC,7Networks_LH_Default_PFC_9,-0.066398,-17.228789572833616,-6.727646886559703,-2.159630731106861,DMN,LH,Default_PFC_9
HC,7Networks_LH_Default_PFC_10,-0.26799,-16.525245032799397,-5.196000833611197,0.7393108655602086,DMN,LH,Default_PFC_10
HC,7Networks_LH_Default_PFC_11,0.049717,-22.22476945259965,-4.695135316534231,-5.200117882832476,DMN,LH,Default_PFC_11
HC,7Networks_LH_Default_PFC_12,0.037154,-11.718537821583624,-7.74526300464795,1.077868491769079,DMN,LH,Default_PFC_12
HC,7Networks_LH_Default_PFC_13,0.037611,-22.83694706519153,-6.902551732688724,-5.391773504895818,DMN,LH,Default_PFC_13
HC,7Networks_LH_Default_PFC_14,0.10903,-23.788232485253086,-6.774417819488092,-5.957236013684751,DMN,LH,Default_PFC_14
HC,7Networks_LH_Default_PFC_15,0.081225,-22.317158135662314,-5.930054243489413,-4.619713223351608,DMN,LH,Default_PFC_15
HC,7Networks_LH_Default_PFC_16,-0.1022,-21.26307205068579,-3.966665048245037,-4.056664263599131,DMN,LH,Default_PFC_16
HC,7Networks_LH_Default_PFC_17,-0.10193,-22.422173931127272,-6.493206954412105,-1.170021522519008,DMN,LH,Default_PFC_17
HC,7Networks_LH_Default_PFC_18,0.3716,-23.970999198858074,-7.067079155631795,-5.650686330660953,DMN,LH,Default_PFC_18
HC,7Networks_LH_Default_PFC_19,-0.074709,-23.47674363681783,-5.6645263968904995,-5.7730031168838085,DMN,LH,Default_PFC_19
HC,7Networks_LH_Default_PFC_20,-0.1291,-19.470731832076698,-5.7517056212868125,1.2260520427145127,DMN,LH,Default_PFC_20
HC,7Networks_LH_Default_PFC_21,-0.04202,-18.20147125425966,-4.377596504783901,3.2931171326208646,DMN,LH,Default_PFC_21
HC,7Networks_LH_Default_PFC_22,-0.14697,-21.25356863916012,-4.954365452720531,-1.644817615122457,DMN,LH,Default_PFC_22
HC,7Networks_LH_Default_PFC_23,0.058412,-23.883419771900442,-7.031598184060967,-5.004676391527107,DMN,LH,Default_PFC_23
HC,7Networks_LH_Default_PFC_24,0.069798,-18.0847541889742,-5.6654131192048025,-2.746266430533154,DMN,LH,Default_PFC_24
HC,7Networks_LH_Default_pCunPCC_1,0.22656,-5.1821353950633675,12.524707544781588,-6.185597767720923,DMN,LH,Default_pCunPCC_1
HC,7Networks_LH_Default_pCunPCC_2,-0.14322,-5.194666930616165,12.167019110787708,-6.246080235172446,DMN,LH,Default_pCunPCC_2
HC,7Networks_LH_Default_pCunPCC_3,0.054062,-19.20073196994039,-0.6207050032383102,-6.67198840654374,DMN,LH,Default_pCunPCC_3
HC,7Networks_LH_Default_pCunPCC_4,0.085325,-17.99514923615934,-0.3787283170355629,-5.19164295383793,DMN,LH,Default_pCunPCC_4
HC,7Networks_LH_Default_pCunPCC_5,-0.076654,-12.128403025332915,5.496618917609003,-5.739017054145186,DMN,LH,Default_pCunPCC_5
HC,7Networks_LH_Default_pCunPCC_6,0.018551,-21.954517061587502,-3.6325893722946887,-6.480631343675026,DMN,LH,Default_pCunPCC_6
HC,7Networks_LH_Default_pCunPCC_7,0.093196,-22.60651150251686,-4.468275994405778,-6.219091862298612,DMN,LH,Default_pCunPCC_7
HC,7Networks_LH_Default_pCunPCC_8,0.039813,-20.43532853396778,-3.6495528856594035,-3.731236008223655,DMN,LH,Default_pCunPCC_8
HC,7Networks_LH_Default_pCunPCC_9,0.11279,-14.885810526955671,-7.037977126507342,-0.5290092015701985,DMN,LH,Default_pCunPCC_9
HC,7Networks_LH_Default_pCunPCC_10,0.17106,-17.880214575647635,0.4327976180003594,-5.967302198867506,DMN,LH,Default_pCunPCC_10
HC,7Networks_LH_Default_pCunPCC_11,0.14091,-18.72342693737529,-0.6081410370917493,-6.038233813497837,DMN,LH,Default_pCunPCC_11
HC,7Networks_RH_Vis_1,-0.07136,-1.2354418856705915,15.645980352626792,0.726293241813787,visual,RH,Vis_1
HC,7Networks_RH_Vis_2,-0.14609,-4.559815298681781,11.932793375541934,-2.431571580357339,visual,RH,Vis_2
HC,7Networks_RH_Vis_3,-0.084234,0.8226954661542292,19.818018958466222,1.3025690287857081,visual,RH,Vis_3
HC,7Networks_RH_Vis_4,0.23074,-0.629560362370792,17.86571136482576,2.050429732878941,visual,RH,Vis_4
HC,7Networks_RH_Vis_5,-0.26925,3.4243468508323778,21.32448628872129,-3.5300098032159313,visual,RH,Vis_5
HC,7Networks_RH_Vis_6,-0.069671,1.57948323771281,20.812695544369145,0.2764980414284898,visual,RH,Vis_6
HC,7Networks_RH_Vis_7,0.070257,2.819748124832249,17.621030889134364,-5.876485874871281,visual,RH,Vis_7
HC,7Networks_RH_Vis_8,0.13725,-0.5419998893412871,18.473128928459616,2.1080665473664606,visual,RH,Vis_8
HC,7Networks_RH_Vis_9,0.22294,-0.18144316785601738,15.386778675595213,3.7854371810043106,visual,RH,Vis_9
HC,7Networks_RH_Vis_10,0.39619,-2.835011112421125,15.337688621139248,1.6802862915673065,visual,RH,Vis_10
HC,7Networks_RH_Vis_11,0.028294,3.0918100583911743,21.45962348180092,-2.684766659872331,visual,RH,Vis_11
HC,7Networks_RH_Vis_12,-0.066926,5.944082616332346,19.355878634303703,-4.835690683125894,visual,RH,Vis_12
HC,7Networks_RH_Vis_13,0.27392,-1.3103679015939977,17.389453365723696,2.4971223792813086,visual,RH,Vis_13
HC,7Networks_RH_Vis_14,0.029925,7.040578422722952,17.96857900599488,-5.621545970221793,visual,RH,Vis_14
HC,7Networks_RH_Vis_15,0.14168,1.421505916839776,21.427556681641097,0.5591415663520987,visual,RH,Vis_15
HC,7Networks_RH_Vis_16,0.04925,1.0018507019408822,17.636721361866957,0.18721392754306676,visual,RH,Vis_16
HC,7Networks_RH_Vis_17,0.168,2.9038592359487985,18.7096694448669,-5.490096418890442,visual,RH,Vis_17
HC,7Networks_RH_Vis_18,0.022774,0.6694080534793672,20.380257534534355,1.797497780489937,visual,RH,Vis_18
HC,7Networks_RH_Vis_19,-0.069938,4.023313903354504,20.75106438450225,-4.272929769053095,visual,RH,Vis_19
HC,7Networks_RH_Vis_20,-0.11015,7.3462396494202284,17.44197314594977,-5.702452572299331,visual,RH,Vis_20
HC,7Networks_RH_Vis_21,0.17953,0.6677262979397147,21.07598391650078,1.4179282142931986,visual,RH,Vis_21
HC,7Networks_RH_Vis_22,-0.0089179,1.6723104949592944,19.86812530863488,1.0827705497690288,visual,RH,Vis_22
HC,7Networks_RH_Vis_23,0.03929,3.204345139911389,21.82881980384302,-2.251050375726693,visual,RH,Vis_23
HC,7Networks_RH_Vis_24,-0.18127,4.833153244459593,16.84423601896354,-5.570309581233591,visual,RH,Vis_24
HC,7Networks_RH_Vis_25,-0.031814,4.8277883769288525,19.712848401332888,-4.8189648242624905,visual,RH,Vis_25
HC,7Networks_RH_Vis_26,0.001023,2.3242660875019485,21.564081682745694,-0.4568623578574689,visual,RH,Vis_26
HC,7Networks_RH_Vis_27,-0.097816,1.645696787825842,16.618237120349622,4.348577193240632,visual,RH,Vis_27
HC,7Networks_RH_Vis_28,-0.037747,5.439559770178824,17.670200533103745,-5.00176289887057,visual,RH,Vis_28
HC,7Networks_RH_Vis_29,0.23872,3.7259149161574827,20.862598680434765,-3.3088508809613297,visual,RH,Vis_29
HC,7Networks_RH_Vis_30,-0.023017,1.623774486310511,15.5715441683424,5.602980037461941,visual,RH,Vis_30
HC,7Networks_RH_SomMot_1,0.098357,18.689621459962453,-13.083880595159341,1.000450993838913,somMot,RH,SomMot_1
HC,7Networks_RH_SomMot_2,-0.075888,-14.561074984134812,-5.1170849642487735,-3.2733514274784286,somMot,RH,SomMot_2
HC,7Networks_RH_SomMot_3,0.051332,19.611225987052453,-12.765499047440787,0.6138067234692333,somMot,RH,SomMot_3
HC,7Networks_RH_SomMot_4,-0.034873,19.628258630240417,-13.769339306944264,1.5989603107784163,somMot,RH,SomMot_4
HC,7Networks_RH_SomMot_5,-0.1443,23.81271932455913,-11.772510789812264,-0.605683789822795,somMot,RH,SomMot_5
HC,7Networks_RH_SomMot_6,-0.026423,23.05312217946206,-11.368722069783626,-1.0297278854653333,somMot,RH,SomMot_6
HC,7Networks_RH_SomMot_7,0.02981,19.96483140001921,-12.398037624591854,0.38014670730295613,somMot,RH,SomMot_7
HC,7Networks_RH_SomMot_8,-0.023696,-1.7622561515748996,-6.607251673859692,-1.685169960231522,somMot,RH,SomMot_8
HC,7Networks_RH_SomMot_9,-0.013834,23.422876899603466,-11.785999153033531,-0.9436901969354105,somMot,RH,SomMot_9
HC,7Networks_RH_SomMot_10,-0.027534,23.041101134210056,-11.515809984634224,-0.8864470466925433,somMot,RH,SomMot_10
HC,7Networks_RH_SomMot_11,0.028955,21.772119339201698,-13.323807556875424,0.655010704166721,somMot,RH,SomMot_11
HC,7Networks_RH_SomMot_12,0.039883,21.251987175713026,-12.5650513649248,0.4546082693324446,somMot,RH,SomMot_12
HC,7Networks_RH_SomMot_13,-0.0042201,22.72503017729869,-12.13595087061649,-0.30844227570037724,somMot,RH,SomMot_13
HC,7Networks_RH_SomMot_14,0.10342,23.00755409394376,-11.268172016570752,-0.8400961108445925,somMot,RH,SomMot_14
HC,7Networks_RH_SomMot_15,-0.34072,25.341768087802944,-4.860259855190901,-1.7513581741330937,somMot,RH,SomMot_15
HC,7Networks_RH_SomMot_16,-0.040014,28.10731671351045,-5.629734226135395,-4.615954603221158,somMot,RH,SomMot_16
HC,7Networks_RH_SomMot_17,-0.11364,24.040973921067874,-3.6892134641915435,-0.8800506019715699,somMot,RH,SomMot_17
HC,7Networks_RH_SomMot_18,-0.087867,28.314226450086828,-5.389305259289461,-4.853741557923437,somMot,RH,SomMot_18
HC,7Networks_RH_SomMot_19,-0.16657,26.481635482769075,-2.7682518702454706,-3.3370183145349586,somMot,RH,SomMot_19
HC,7Networks_RH_SomMot_20,-0.11046,22.76224165022806,-6.055940735489561,-2.9301898808538724,somMot,RH,SomMot_20
HC,7Networks_RH_SomMot_21,-0.13938999999999999,27.837330147322504,-3.8369789142988053,-5.481731598009005,somMot,RH,SomMot_21
HC,7Networks_RH_SomMot_22,-0.10783,26.925015989453232,-5.271258755718015,-4.725765888154065,somMot,RH,SomMot_22
HC,7Networks_RH_SomMot_23,-0.064586,26.06755350866223,-1.9397790142855222,-4.296704745202218,somMot,RH,SomMot_23
HC,7Networks_RH_SomMot_24,-0.16023,24.608210335981077,-7.610706432897859,-2.8612164175924035,somMot,RH,SomMot_24
HC,7Networks_RH_SomMot_25,-0.17204,27.446102558093973,-2.656975693270386,-5.78207619045755,somMot,RH,SomMot_25
HC,7Networks_RH_SomMot_26,0.0092486,27.06624337179552,-2.4964197448641863,-5.5075896206559865,somMot,RH,SomMot_26
HC,7Networks_RH_SomMot_27,-0.053074,24.020864343298243,0.8595507523164005,-5.436367240650038,somMot,RH,SomMot_27
HC,7Networks_RH_SomMot_28,1.1991e-4,25.80163851935581,-1.63399847156663,-4.954798178219889,somMot,RH,SomMot_28
HC,7Networks_RH_SomMot_29,-0.029254,26.67174603274835,-2.0734595037987424,-5.87139410159376,somMot,RH,SomMot_29
HC,7Networks_RH_SomMot_30,-0.20341,26.09124091772748,-3.352124993479071,-5.489279579567898,somMot,RH,SomMot_30
HC,7Networks_RH_SomMot_31,-0.13438,21.875261175239093,-0.39029649186447574,-0.7066566841667006,somMot,RH,SomMot_31
HC,7Networks_RH_SomMot_32,0.063187,20.99956939945106,2.727166942295635,-5.7041658203001555,somMot,RH,SomMot_32
HC,7Networks_RH_SomMot_33,-0.049273,25.958825419580045,-2.6837081368395,-5.507664898413123,somMot,RH,SomMot_33
HC,7Networks_RH_SomMot_34,0.03225,26.72741405975904,-3.5237843099259387,-5.661181579024645,somMot,RH,SomMot_34
HC,7Networks_RH_SomMot_35,0.13354,25.393924104688335,-1.6929812891280975,-5.652330389146245,somMot,RH,SomMot_35
HC,7Networks_RH_SomMot_36,-0.043907,19.665790842812527,-3.749158236319881,0.32524261075348226,somMot,RH,SomMot_36
HC,7Networks_RH_SomMot_37,0.34898,23.042900051678185,0.8262673567779814,-5.206240096886215,somMot,RH,SomMot_37
HC,7Networks_RH_SomMot_38,0.14775,25.44979645955632,-2.343870285186685,-5.649266905714072,somMot,RH,SomMot_38
HC,7Networks_RH_SomMot_39,0.10287,26.047258131922735,-2.8200147772033004,-5.232506288471426,somMot,RH,SomMot_39
HC,7Networks_RH_SomMot_40,0.19891,23.752513657875465,0.03135070740266314,-5.777769896058478,somMot,RH,SomMot_40
HC,7Networks_RH_DorsAttn_Post_1,0.27394,-3.731323878955416,11.04970075046704,3.259984909595813,DMN,RH,DorsAttn_Post_1
HC,7Networks_RH_DorsAttn_Post_2,0.13945,-2.71843363262758,4.600482643546074,6.3045081081715955,DMN,RH,DorsAttn_Post_2
HC,7Networks_RH_DorsAttn_Post_3,0.040321,-13.549686380816764,-1.1609309719263805,-2.722855677285115,DMN,RH,DorsAttn_Post_3
HC,7Networks_RH_DorsAttn_Post_4,-0.033172,-17.18431499779746,-1.0063691596471285,-1.6677563003350278,DMN,RH,DorsAttn_Post_4
HC,7Networks_RH_DorsAttn_Post_5,-0.12723,0.7956677321958548,8.252517270773003,9.962907704845533,DMN,RH,DorsAttn_Post_5
HC,7Networks_RH_DorsAttn_Post_6,-0.12637,16.489766169236876,0.6731510778967033,4.4014412740518365,DMN,RH,DorsAttn_Post_6
HC,7Networks_RH_DorsAttn_Post_7,0.21041,1.4305300758172106,12.989358003378985,6.144075745648308,DMN,RH,DorsAttn_Post_7
HC,7Networks_RH_DorsAttn_Post_8,0.0051929,9.266558902077042,3.607545827145409,8.437557029546587,DMN,RH,DorsAttn_Post_8
HC,7Networks_RH_DorsAttn_Post_9,-0.18839,20.131308776678285,0.6161748093579833,1.4151404841295254,DMN,RH,DorsAttn_Post_9
HC,7Networks_RH_DorsAttn_Post_10,0.052031,-0.12990182353969004,6.332210369787801,10.559190530219885,DMN,RH,DorsAttn_Post_10
HC,7Networks_RH_DorsAttn_Post_11,-0.12592,3.522954768286119,3.913930245600857,11.109460027743467,DMN,RH,DorsAttn_Post_11
HC,7Networks_RH_DorsAttn_Post_12,0.13272,3.1619907540108683,9.44661091375176,9.713399663041999,DMN,RH,DorsAttn_Post_12
HC,7Networks_RH_DorsAttn_Post_13,-0.13182,23.029228857091674,-0.47837781799044776,-1.517359443634017,DMN,RH,DorsAttn_Post_13
HC,7Networks_RH_DorsAttn_Post_14,-0.02543,6.756937938484609,5.901159475354897,9.194118706113613,DMN,RH,DorsAttn_Post_14
HC,7Networks_RH_DorsAttn_Post_15,0.35921,-2.1522629364005605,9.792473592425372,3.882209901184336,DMN,RH,DorsAttn_Post_15
HC,7Networks_RH_DorsAttn_Post_16,0.03125,8.197936740006353,8.976573377895447,6.671106425750068,DMN,RH,DorsAttn_Post_16
HC,7Networks_RH_DorsAttn_Post_17,0.2557,9.247726714386097,9.700662331776961,-2.3793134587217746,DMN,RH,DorsAttn_Post_17
HC,7Networks_RH_DorsAttn_Post_18,0.41019,5.578518677562629,9.9277898514911609,6.6476800895757044,DMN,RH,DorsAttn_Post_18
HC,7Networks_RH_DorsAttn_Post_19,0.17711,23.50526868494835,-0.3094774572736266,-3.1301995774666156,DMN,RH,DorsAttn_Post_19
HC,7Networks_RH_DorsAttn_FEF_1,-0.2172,11.309581105594948,1.8657406343177776,5.585842026901545,DMN,RH,DorsAttn_FEF_1
HC,7Networks_RH_DorsAttn_FEF_2,-0.29139,5.60963179737639,5.396242979857721,9.439757895449835,DMN,RH,DorsAttn_FEF_2
HC,7Networks_RH_DorsAttn_FEF_3,-0.04041,8.722970077750912,3.631576772278266,8.128502841628311,DMN,RH,DorsAttn_FEF_3
HC,7Networks_RH_DorsAttn_PrCv_1,-0.3315,1.7467519551289004,-1.4120866601950548,11.065513637842965,DMN,RH,DorsAttn_PrCv_1
HC,7Networks_RH_SalVentAttn_TempOccPar_1,0.055595,-13.691203274316328,-3.482923703839721,-1.7440338115678276,salince,RH,SalVentAttn_TempOccPar_1
HC,7Networks_RH_SalVentAttn_TempOccPar_2,-0.074149,-11.515484116130645,-3.480736294881625,-2.313545307332581,salince,RH,SalVentAttn_TempOccPar_2
HC,7Networks_RH_SalVentAttn_TempOccPar_3,-0.063026,-3.163483619515171,-6.053811209001466,-0.21990417993606212,salince,RH,SalVentAttn_TempOccPar_3
HC,7Networks_RH_SalVentAttn_TempOccPar_4,-0.021007,18.62624156704123,-12.634080880257896,2.0079137616943856,salince,RH,SalVentAttn_TempOccPar_4
HC,7Networks_RH_SalVentAttn_TempOccPar_5,0.094228,20.57701078956305,-11.95726941865362,1.2184052546792539,salince,RH,SalVentAttn_TempOccPar_5
HC,7Networks_RH_SalVentAttn_TempOccPar_6,0.0050664,11.445418313481893,-7.491940760966457,7.028705245074469,salince,RH,SalVentAttn_TempOccPar_6
HC,7Networks_RH_SalVentAttn_TempOccPar_7,-0.0075799,3.197653279631767,-8.08794327398686,8.50739148989367,salince,RH,SalVentAttn_TempOccPar_7
HC,7Networks_RH_SalVentAttn_PrC_1,-0.26294,9.853297698521564,-4.301535239145966,5.621223571202815,salince,RH,SalVentAttn_PrC_1
HC,7Networks_RH_SalVentAttn_FrOperIns_1,0.10547,18.195539042396774,-13.337529679635795,1.3673395569947495,salince,RH,SalVentAttn_FrOperIns_1
HC,7Networks_RH_SalVentAttn_FrOperIns_2,-0.044585,12.53058535929537,-12.334759771343263,4.448027284985485,salince,RH,SalVentAttn_FrOperIns_2
HC,7Networks_RH_SalVentAttn_FrOperIns_3,0.0089902,18.45053124456061,-13.66866980206302,2.1905592702880567,salince,RH,SalVentAttn_FrOperIns_3
HC,7Networks_RH_SalVentAttn_FrOperIns_4,-0.19759,19.763956084456566,-13.41849480573112,1.956105847854981,salince,RH,SalVentAttn_FrOperIns_4
HC,7Networks_RH_SalVentAttn_FrOperIns_5,-0.17507,5.331679442099539,-10.536816845143825,5.8331879030996125,salince,RH,SalVentAttn_FrOperIns_5
HC,7Networks_RH_SalVentAttn_FrOperIns_6,-0.16903,16.159806078376157,-13.051851339573224,3.7632213141718034,salince,RH,SalVentAttn_FrOperIns_6
HC,7Networks_RH_SalVentAttn_FrOperIns_7,0.061478,17.11861932712663,-13.066920201761679,3.2135075778241893,salince,RH,SalVentAttn_FrOperIns_7
HC,7Networks_RH_SalVentAttn_FrOperIns_8,-0.22186,2.9443040030788565,-7.092079939363992,9.252918251096643,salince,RH,SalVentAttn_FrOperIns_8
HC,7Networks_RH_SalVentAttn_PFCl_1,0.11878,-4.280856538750505,-7.224428321478312,6.234167963393258,salince,RH,SalVentAttn_PFCl_1
HC,7Networks_RH_SalVentAttn_Med_1,0.039471,4.307814907828117,-10.034009912609195,4.667399333626421,salince,RH,SalVentAttn_Med_1
HC,7Networks_RH_SalVentAttn_Med_2,-0.013462,18.423551925447615,-10.826773171243971,1.7067094499793203,salince,RH,SalVentAttn_Med_2
HC,7Networks_RH_SalVentAttn_Med_3,0.043252,11.61218450425028,-2.308967798969378,1.8751365456994393,salince,RH,SalVentAttn_Med_3
HC,7Networks_RH_SalVentAttn_Med_4,-0.19436,2.462939566445558,-8.0744498031439,6.568872936493728,salince,RH,SalVentAttn_Med_4
HC,7Networks_RH_SalVentAttn_Med_5,0.060877,22.36160098002147,-1.0790000799240276,-4.1247573766024,salince,RH,SalVentAttn_Med_5
HC,7Networks_RH_SalVentAttn_Med_6,0.02819,23.932563503664767,-3.372899224176906,-4.252406988642087,salince,RH,SalVentAttn_Med_6
HC,7Networks_RH_SalVentAttn_Med_7,0.029176,17.701810779688817,-10.093004886311844,1.2206520173185937,salince,RH,SalVentAttn_Med_7
HC,7Networks_RH_SalVentAttn_Med_8,0.087406,0.4608741333584229,-6.8423372323737714,6.001220355990226,salince,RH,SalVentAttn_Med_8
HC,7Networks_RH_Limbic_OFC_1,0.041195,-13.079953300653788,2.2111167511627317,-1.1786260435044522,limbic,RH,Limbic_OFC_1
HC,7Networks_RH_Limbic_OFC_2,0.0052812,-14.022837798664865,-3.2525655930318367,-1.3426316620628649,limbic,RH,Limbic_OFC_2
HC,7Networks_RH_Limbic_OFC_3,0.024777,-17.213117709694163,-3.056744262361022,-2.850141308269038,limbic,RH,Limbic_OFC_3
HC,7Networks_RH_Limbic_OFC_4,0.054869,-13.746536248856252,-2.983839700055616,0.21932003121694216,limbic,RH,Limbic_OFC_4
HC,7Networks_RH_Limbic_OFC_5,-0.15493,-15.450007071518705,-1.2730013182516502,-2.6752774407562745,limbic,RH,Limbic_OFC_5
HC,7Networks_RH_Limbic_OFC_6,0.16084,-21.87108738492911,-4.603635687716011,-5.879443078031982,limbic,RH,Limbic_OFC_6
HC,7Networks_RH_Limbic_TempPole_1,-0.036988,-12.733260111872069,0.20580954425725304,-1.836339603804848,limbic,RH,Limbic_TempPole_1
HC,7Networks_RH_Limbic_TempPole_2,-0.042769,-19.441323282184467,-5.10547416517917,-4.039329783853951,limbic,RH,Limbic_TempPole_2
HC,7Networks_RH_Limbic_TempPole_3,0.082458,-16.57877136878606,-2.766546204788753,-3.473482270597222,limbic,RH,Limbic_TempPole_3
HC,7Networks_RH_Limbic_TempPole_4,-0.016647,-15.126243766109354,-2.0432438422991637,-1.577393679739247,limbic,RH,Limbic_TempPole_4
HC,7Networks_RH_Limbic_TempPole_5,-0.086257,-14.252443627960037,-1.8756919766547595,-2.8192777026577023,limbic,RH,Limbic_TempPole_5
HC,7Networks_RH_Limbic_TempPole_6,0.13773,-12.18474324097838,1.6275200489453638,0.040409262784749406,limbic,RH,Limbic_TempPole_6
HC,7Networks_RH_Limbic_TempPole_7,0.019097,-15.488683493794108,-0.4243423856212987,-2.972315640556478,limbic,RH,Limbic_TempPole_7
HC,7Networks_RH_Cont_Par_1,-0.050878,-19.247952763337736,-5.686776845132643,2.8303555999244954,control,RH,Cont_Par_1
HC,7Networks_RH_Cont_Par_2,-0.017411,-7.185319777669813,-3.9089488916209802,10.786541586049442,control,RH,Cont_Par_2
HC,7Networks_RH_Cont_Par_3,0.045096,-14.779252339943845,-2.692260477291371,6.057121806498319,control,RH,Cont_Par_3
HC,7Networks_RH_Cont_Par_4,-0.033967,4.294173268550657,1.534344100853969,11.035917629627557,control,RH,Cont_Par_4
HC,7Networks_RH_Cont_Par_5,-0.11125,-6.551818330610481,-1.117920499032645,11.431771586228116,control,RH,Cont_Par_5
HC,7Networks_RH_Cont_Par_6,-0.025767,-11.559669954653682,-2.729847515281676,9.488033374118407,control,RH,Cont_Par_6
HC,7Networks_RH_Cont_Temp_1,0.14766,-18.667193354568376,-4.759434061962574,2.0982923615393783,control,RH,Cont_Temp_1
HC,7Networks_RH_Cont_Temp_2,0.13739,-15.674507087791987,-3.9517026445345507,6.120253033668538,control,RH,Cont_Temp_2
HC,7Networks_RH_Cont_PFCv_1,-0.22241,-11.57074852277009,-7.63885425419323,1.5362051863894035,control,RH,Cont_PFCv_1
HC,7Networks_RH_Cont_PFCl_1,0.015156,-16.480487196020295,-3.1844513431971118,1.678314040176442,control,RH,Cont_PFCl_1
HC,7Networks_RH_Cont_PFCl_2,-0.03763,-17.468772487392904,-4.965638061283319,4.440976916187103,control,RH,Cont_PFCl_2
HC,7Networks_RH_Cont_PFCl_3,0.045638,-19.542154313951723,-5.3240570559489235,1.5352525972821531,control,RH,Cont_PFCl_3
HC,7Networks_RH_Cont_PFCl_4,-0.078687000000000007,-7.138590732965032,-5.220978637474631,8.770099279376781,control,RH,Cont_PFCl_4
HC,7Networks_RH_Cont_PFCl_5,-0.0070749,-4.393162520412011,-4.456144168308098,10.756704839790613,control,RH,Cont_PFCl_5
HC,7Networks_RH_Cont_PFCl_6,-0.14832,-10.952948390303503,-3.3499973778278123,6.9082688888532555,control,RH,Cont_PFCl_6
HC,7Networks_RH_Cont_PFCl_7,-0.21933,-8.47387642599706,-3.379816610245578,8.540767822958566,control,RH,Cont_PFCl_7
HC,7Networks_RH_Cont_PFCl_8,0.12919,-18.580116151349788,-6.865544717122063,-0.8235379881771613,control,RH,Cont_PFCl_8
HC,7Networks_RH_Cont_PFCl_9,-0.12978,-14.120990622345309,-4.132245522877764,7.904996459342816,control,RH,Cont_PFCl_9
HC,7Networks_RH_Cont_PFCl_10,-0.23451,-11.90246473412417,-3.1363182222323625,7.102217366019563,control,RH,Cont_PFCl_10
HC,7Networks_RH_Cont_PFCl_11,-0.0060994,-16.968035884284216,-4.8577005097766905,4.447459678980202,control,RH,Cont_PFCl_11
HC,7Networks_RH_Cont_PFCl_12,-0.14169,-19.33094592745776,-5.579040366650597,2.52527611892056,control,RH,Cont_PFCl_12
HC,7Networks_RH_Cont_PFCl_13,-0.13771,-14.22742540141039,-5.058185498843899,5.018269610767583,control,RH,Cont_PFCl_13
HC,7Networks_RH_Cont_PFCl_14,-0.020761,-18.11982410627266,-4.441247336533135,3.2786407482547357,control,RH,Cont_PFCl_14
HC,7Networks_RH_Cont_PFCl_15,-0.055675,-9.42695567945028,-1.8191185365406728,8.61257442510994,control,RH,Cont_PFCl_15
HC,7Networks_RH_Cont_pCun_1,0.0381,-2.93461296859786,11.787463618106452,-3.6787924524928455,control,RH,Cont_pCun_1
HC,7Networks_RH_Cont_pCun_2,0.17868,-16.495360064380137,1.5086400028567366,-5.524344995922253,control,RH,Cont_pCun_2
HC,7Networks_RH_Cont_Cing_1,0.01338,-16.462550411987333,-4.301371960703631,-1.5135278314744356,control,RH,Cont_Cing_1
HC,7Networks_RH_Cont_Cing_2,0.064051,-5.433219589258164,-7.522907962512322,5.463456567752831,control,RH,Cont_Cing_2
HC,7Networks_RH_Cont_PFCmp_1,-0.05341,-11.831289434798306,-7.7107004370677865,1.7365426161235862,control,RH,Cont_PFCmp_1
HC,7Networks_RH_Cont_PFCmp_2,-0.081688,-16.99241654649237,-5.8505754051688745,4.217112315746715,control,RH,Cont_PFCmp_2
HC,7Networks_RH_Default_Par_1,-0.011381,-16.12483987229336,-3.724698740994059,-3.7966795042433685,DMN,RH,Default_Par_1
HC,7Networks_RH_Default_Par_2,-0.060098,-17.204144630077163,0.06498144685133432,-5.474680442796921,DMN,RH,Default_Par_2
HC,7Networks_RH_Default_Par_3,-0.11357,-22.70889463274877,-5.241275096230883,-5.524786896505963,DMN,RH,Default_Par_3
HC,7Networks_RH_Default_Par_4,-0.10339,-16.246867922139877,-5.852509825086542,3.454291351634377,DMN,RH,Default_Par_4
HC,7Networks_RH_Default_Par_5,-0.063133,-22.880614340903634,-5.995071255422813,-3.009269694192914,DMN,RH,Default_Par_5
HC,7Networks_RH_Default_Temp_1,-0.066028,-17.932727854758436,-3.89899145429958,-4.101480015690584,DMN,RH,Default_Temp_1
HC,7Networks_RH_Default_Temp_2,-0.020852,-22.44285471291275,-5.6696706491484115,-5.786282586321047,DMN,RH,Default_Temp_2
HC,7Networks_RH_Default_Temp_3,0.036488,-15.574192575849281,-3.76094939892717,-3.5063185641620107,DMN,RH,Default_Temp_3
HC,7Networks_RH_Default_Temp_4,-0.023393,-17.532914568141358,-4.299719414469223,-4.315142461825905,DMN,RH,Default_Temp_4
HC,7Networks_RH_Default_Temp_5,0.010275,-21.569054038575707,-6.451331275791788,-3.9812172482551142,DMN,RH,Default_Temp_5
HC,7Networks_RH_Default_Temp_6,-0.032533,-17.236389892586743,-5.445805318701604,-3.664521910013941,DMN,RH,Default_Temp_6
HC,7Networks_RH_Default_Temp_7,0.084952,-19.026298953418,-5.297722815068355,-3.2686347279361345,DMN,RH,Default_Temp_7
HC,7Networks_RH_Default_Temp_8,-0.052169,-16.65231290606109,-5.072015063896107,-3.7021498363986587,DMN,RH,Default_Temp_8
HC,7Networks_RH_Default_PFCv_1,0.012371,-17.20489265948988,-5.3186264355825585,-3.1514921734393986,DMN,RH,Default_PFCv_1
HC,7Networks_RH_Default_PFCv_2,-0.1148,-17.21568335680889,-3.9816460940979126,-1.3385716995332648,DMN,RH,Default_PFCv_2
HC,7Networks_RH_Default_PFCv_3,-0.055841,-18.07434060451884,-5.745695504310708,-1.8044835897833007,DMN,RH,Default_PFCv_3
HC,7Networks_RH_Default_PFCv_4,-0.14747,-11.726922475965681,-6.689556054450756,1.9341918226983512,DMN,RH,Default_PFCv_4
HC,7Networks_RH_Default_PFCdPFCm_1,-0.011044,-17.850249700692384,-4.949778252128668,-3.184718240876453,DMN,RH,Default_PFCdPFCm_1
HC,7Networks_RH_Default_PFCdPFCm_2,0.022757,-22.598419103428725,-5.042898421676357,-5.987503829284745,DMN,RH,Default_PFCdPFCm_2
HC,7Networks_RH_Default_PFCdPFCm_3,-0.091949,-15.60543359321038,-6.909765828771894,-1.2706408376473977,DMN,RH,Default_PFCdPFCm_3
HC,7Networks_RH_Default_PFCdPFCm_4,-0.08989,-20.95640864631756,-7.0003879264344615,-4.139872692394518,DMN,RH,Default_PFCdPFCm_4
HC,7Networks_RH_Default_PFCdPFCm_5,0.088031,-22.951298463994853,-5.964533286293929,-4.953518121975504,DMN,RH,Default_PFCdPFCm_5
HC,7Networks_RH_Default_PFCdPFCm_6,0.19279,-8.459550800701953,-8.342142429674247,1.4315699784213678,DMN,RH,Default_PFCdPFCm_6
HC,7Networks_RH_Default_PFCdPFCm_7,0.10613,-23.29779339890342,-6.757082878346349,-5.917326146351569,DMN,RH,Default_PFCdPFCm_7
HC,7Networks_RH_Default_PFCdPFCm_8,0.011235,-23.958552236929574,-6.614760587698346,-5.947660708499658,DMN,RH,Default_PFCdPFCm_8
HC,7Networks_RH_Default_PFCdPFCm_9,-3.3995e-4,-22.950564520950593,-6.904879592957656,-3.8644577539537535,DMN,RH,Default_PFCdPFCm_9
HC,7Networks_RH_Default_PFCdPFCm_10,-0.049705,-20.241144697257678,-3.680537136340458,-3.115504857710222,DMN,RH,Default_PFCdPFCm_10
HC,7Networks_RH_Default_PFCdPFCm_11,0.13088,-24.042278167508915,-6.731799581284144,-5.318849772928519,DMN,RH,Default_PFCdPFCm_11
HC,7Networks_RH_Default_PFCdPFCm_12,-0.060497,-21.711470166303915,-4.621003933299877,-3.572370784944079,DMN,RH,Default_PFCdPFCm_12
HC,7Networks_RH_Default_PFCdPFCm_13,0.097495,-22.066573603473458,-7.148301208370769,-3.127682723892114,DMN,RH,Default_PFCdPFCm_13
HC,7Networks_RH_Default_pCunPCC_1,-0.0093885,-5.045370521195151,12.252740004830763,-6.221031742658435,DMN,RH,Default_pCunPCC_1
HC,7Networks_RH_Default_pCunPCC_2,0.065321,-16.87573927500169,1.0187949480959888,-5.580784810054866,DMN,RH,Default_pCunPCC_2
HC,7Networks_RH_Default_pCunPCC_3,-0.22858,-5.266081187738194,10.939710763284198,-5.5972376611601256,DMN,RH,Default_pCunPCC_3
HC,7Networks_RH_Default_pCunPCC_4,-0.0011094,-20.00118182129656,-1.4305286368894745,-6.642278446082613,DMN,RH,Default_pCunPCC_4
HC,7Networks_RH_Default_pCunPCC_5,-0.039836,-19.917381444753435,-1.31556551758934,-6.549470577013996,DMN,RH,Default_pCunPCC_5
HC,7Networks_RH_Default_pCunPCC_6,0.062156,-20.68490292676199,-3.402711469259499,-4.02907264985931,DMN,RH,Default_pCunPCC_6
HC,7Networks_RH_Default_pCunPCC_7,0.081816,-15.984961172816375,-6.301788248397953,-1.152603978649138,DMN,RH,Default_pCunPCC_7
HC,7Networks_RH_Default_pCunPCC_8,0.088084,-22.24227279285146,-3.8936916930998273,-6.289047180965592,DMN,RH,Default_pCunPCC_8
HC,7Networks_RH_Default_pCunPCC_9,0.14641,-14.64226972157599,2.687826965050866,-5.124817226174498,DMN,RH,Default_pCunPCC_9
MDD,7Networks_LH_Vis_1,-0.016041,-13.32064481233444,15.254687893288377,1.7640059813835502,visual,LH,Vis_1
MDD,7Networks_LH_Vis_2,-0.16664,-15.212381980161759,6.596816936551224,1.8206674456199488,visual,LH,Vis_2
MDD,7Networks_LH_Vis_3,0.092762,-15.257172417403103,21.356294737931428,2.369362752062909,visual,LH,Vis_3
MDD,7Networks_LH_Vis_4,-0.24156,-18.149679977804414,23.1388463996789,4.284767207392877,visual,LH,Vis_4
MDD,7Networks_LH_Vis_5,-0.22959,-17.022283298327075,23.729146705906803,3.4894299561067657,visual,LH,Vis_5
MDD,7Networks_LH_Vis_6,0.26201,-14.276875614014028,18.56226667802921,1.612300899862374,visual,LH,Vis_6
MDD,7Networks_LH_Vis_7,0.0049409,-17.320916184343897,9.04310680021976,2.6028236212210905,visual,LH,Vis_7
MDD,7Networks_LH_Vis_8,0.11688,-12.777507612519193,19.203780187310233,0.6950120022369166,visual,LH,Vis_8
MDD,7Networks_LH_Vis_9,0.063503,-15.090107369859812,20.977393797631127,2.1444398071079886,visual,LH,Vis_9
MDD,7Networks_LH_Vis_10,-0.091674,-18.35805591591673,24.09150878787672,4.397537357712717,visual,LH,Vis_10
MDD,7Networks_LH_Vis_11,0.12876,-17.041385578327926,22.645380094237407,3.5088643670080932,visual,LH,Vis_11
MDD,7Networks_LH_Vis_12,0.073714,-15.427279595488631,21.25207075374049,2.3513059733380124,visual,LH,Vis_12
MDD,7Networks_LH_Vis_13,0.12169,-18.485622521145974,20.217978149834043,4.137833077373624,visual,LH,Vis_13
MDD,7Networks_LH_Vis_14,0.0071003,-15.849185666362473,22.778666697776643,2.6372729396634544,visual,LH,Vis_14
MDD,7Networks_LH_Vis_15,0.18939,-15.885995809872274,22.25979047801693,2.7930692212616792,visual,LH,Vis_15
MDD,7Networks_LH_Vis_16,0.028854,-18.0199302315235,21.08768640806996,4.087952527941152,visual,LH,Vis_16
MDD,7Networks_LH_Vis_17,-0.09532,-16.594840413147775,23.031434679024677,3.3111412414350117,visual,LH,Vis_17
MDD,7Networks_LH_Vis_18,-0.10871,-17.481546815778692,24.204853455882663,3.7274201419962365,visual,LH,Vis_18
MDD,7Networks_LH_Vis_19,-0.028692,-16.59414094209983,24.06200342173791,3.1379461197643472,visual,LH,Vis_19
MDD,7Networks_LH_Vis_20,0.20468,-18.067796426331974,18.342918651132216,3.7428465191095635,visual,LH,Vis_20
MDD,7Networks_LH_Vis_21,-0.064129,-18.400974645722304,23.567550729022052,4.24652855670157,visual,LH,Vis_21
MDD,7Networks_LH_Vis_22,-0.10956,-17.861583920852972,21.493681169622704,4.070582724128946,visual,LH,Vis_22
MDD,7Networks_LH_Vis_23,-0.10491,-14.885020479976134,22.034694215191436,2.301703926579509,visual,LH,Vis_23
MDD,7Networks_LH_Vis_24,-0.0023291,-18.156879634828254,25.174077734987424,4.132316771232179,visual,LH,Vis_24
MDD,7Networks_LH_Vis_25,0.038862,-18.397591434419134,23.96540397819826,4.3931994103481,visual,LH,Vis_25
MDD,7Networks_LH_Vis_26,-0.18548,-17.209060060104292,18.442590603206785,3.494593053963414,visual,LH,Vis_26
MDD,7Networks_LH_Vis_27,-0.14535,-15.977425522785474,23.675582945616174,2.824417832850341,visual,LH,Vis_27
MDD,7Networks_LH_Vis_28,-0.093097,-12.048324682942576,18.922421738692588,0.1658848063639433,visual,LH,Vis_28
MDD,7Networks_LH_Vis_29,0.09808,-18.17385295544266,24.84151905887968,4.14500386214816,visual,LH,Vis_29
MDD,7Networks_LH_Vis_30,0.064463,-15.9393878896957,20.012729961021,3.2356401811125264,visual,LH,Vis_30
MDD,7Networks_LH_Vis_31,0.033672,-8.537536133099577,14.978799194400102,-1.6492794339182788,visual,LH,Vis_31
MDD,7Networks_LH_SomMot_1,-0.03593,30.178017905459935,-3.9084261103074325,13.032727616804193,somMot,LH,SomMot_1
MDD,7Networks_LH_SomMot_2,0.045659,27.75402234878033,-3.2735996803144296,9.651978007266882,somMot,LH,SomMot_2
MDD,7Networks_LH_SomMot_3,-0.030479,31.065909705524586,-3.4914034855633944,12.69707460884289,somMot,LH,SomMot_3
MDD,7Networks_LH_SomMot_4,-0.15423,30.977922940789355,-2.89723534210767,10.649954207469222,somMot,LH,SomMot_4
MDD,7Networks_LH_SomMot_5,-0.010158,32.68385836698851,-2.3242303622311895,10.719332797684652,somMot,LH,SomMot_5
MDD,7Networks_LH_SomMot_6,-0.033942,28.455162845399588,-3.1248670683361186,9.896370103212057,somMot,LH,SomMot_6
MDD,7Networks_LH_SomMot_7,-0.082647,30.606180020567848,-2.6756288753169764,10.324191596606928,somMot,LH,SomMot_7
MDD,7Networks_LH_SomMot_8,-0.030913,31.456625006079985,-3.141989668869783,11.722381684428061,somMot,LH,SomMot_8
MDD,7Networks_LH_SomMot_9,0.025683,29.998153463409345,-2.7295547301019707,9.215395042065282,somMot,LH,SomMot_9
MDD,7Networks_LH_SomMot_10,-0.0099859,31.19798197674536,-2.6047588223446794,10.136380728508355,somMot,LH,SomMot_10
MDD,7Networks_LH_SomMot_11,0.028073,30.1476217861268,-2.0575539814966186,7.181408502681744,somMot,LH,SomMot_11
MDD,7Networks_LH_SomMot_12,-0.21331,30.503631504970823,-0.518929217735112,2.4334965620562197,somMot,LH,SomMot_12
MDD,7Networks_LH_SomMot_13,-0.11327,30.38693200250775,1.0992076248567215,-2.9671475497601083,somMot,LH,SomMot_13
MDD,7Networks_LH_SomMot_14,-0.15062,30.34634549651802,1.0881085937015482,-3.2441468206712156,somMot,LH,SomMot_14
MDD,7Networks_LH_SomMot_15,-0.16878,28.734821265723816,2.8519169346078757,-7.141853370743005,somMot,LH,SomMot_15
MDD,7Networks_LH_SomMot_16,-0.203,27.3652988313727,0.7667184851890186,-3.1763277365047284,somMot,LH,SomMot_16
MDD,7Networks_LH_SomMot_17,-0.072672,30.567450646517727,1.3535595242725516,-3.2354310714147414,somMot,LH,SomMot_17
MDD,7Networks_LH_SomMot_18,-0.038963,28.153431270110584,0.8933751840427098,-0.9328084869017251,somMot,LH,SomMot_18
MDD,7Networks_LH_SomMot_19,-0.18364,29.552324732936437,2.7421338020735893,-6.7312980076620885,somMot,LH,SomMot_19
MDD,7Networks_LH_SomMot_20,-0.04515,30.589912559284357,2.805241021804736,-7.350832989294555,somMot,LH,SomMot_20
MDD,7Networks_LH_SomMot_21,-0.011979,28.74817869928112,3.625366949197254,-8.838960550377935,somMot,LH,SomMot_21
MDD,7Networks_LH_SomMot_22,-0.17724,30.219778296989684,3.2085061658014324,-8.147185007565431,somMot,LH,SomMot_22
MDD,7Networks_LH_SomMot_23,0.015741,20.71317673619717,4.5148043913940885,-6.006155954040021,somMot,LH,SomMot_23
MDD,7Networks_LH_SomMot_24,-0.19396,28.262607452550977,2.9337440107010258,-5.730209946275173,somMot,LH,SomMot_24
MDD,7Networks_LH_SomMot_25,-0.20474,30.24200486317149,0.7312311459445522,-0.709737336397065,somMot,LH,SomMot_25
MDD,7Networks_LH_SomMot_26,-0.049162,28.671241966751523,3.420228070132508,-8.359539209936328,somMot,LH,SomMot_26
MDD,7Networks_LH_SomMot_27,0.078193,25.66205585101511,4.428197387025062,-9.465571602690703,somMot,LH,SomMot_27
MDD,7Networks_LH_SomMot_28,-0.0021639,29.700681304659586,3.2353269424658793,-7.74771971873139,somMot,LH,SomMot_28
MDD,7Networks_LH_SomMot_29,0.058866,28.35708021164747,3.7736741130671865,-8.77844116250426,somMot,LH,SomMot_29
MDD,7Networks_LH_SomMot_30,-0.13577,19.896967833986388,4.7419397745857905,-9.044192366085605,somMot,LH,SomMot_30
MDD,7Networks_LH_SomMot_31,-0.081115,29.141366278843126,3.227818163156509,-7.703032769247123,somMot,LH,SomMot_31
MDD,7Networks_LH_SomMot_32,0.30745,22.72284901697234,4.444978107784972,-6.788684352894318,somMot,LH,SomMot_32
MDD,7Networks_LH_SomMot_33,0.034527,27.708353080146544,3.3097824706098775,-7.144740970179176,somMot,LH,SomMot_33
MDD,7Networks_LH_SomMot_34,0.090517,27.826880794546014,2.8909202993878647,-6.868801885734408,somMot,LH,SomMot_34
MDD,7Networks_LH_SomMot_35,0.063499,29.051723834286364,3.0585988938268893,-6.982475307474516,somMot,LH,SomMot_35
MDD,7Networks_LH_SomMot_36,0.17229,28.42064907868308,3.6672927248421976,-8.214639205114183,somMot,LH,SomMot_36
MDD,7Networks_LH_SomMot_37,0.1074,28.319490021101135,3.4198179512646822,-7.5844165904633885,somMot,LH,SomMot_37
MDD,7Networks_LH_DorsAttn_Post_1,0.015228,-12.281875069934637,12.827209512263234,0.4247017472838439,DMN,LH,DorsAttn_Post_1
MDD,7Networks_LH_DorsAttn_Post_2,0.26997,-9.320600732412977,10.422132912570246,-1.7262127802459608,DMN,LH,DorsAttn_Post_2
MDD,7Networks_LH_DorsAttn_Post_3,0.092649,-3.185428742253584,8.79888881040817,-3.914473189463734,DMN,LH,DorsAttn_Post_3
MDD,7Networks_LH_DorsAttn_Post_4,-0.03365,-11.454994131098447,3.4035809252583187,1.684869832445177,DMN,LH,DorsAttn_Post_4
MDD,7Networks_LH_DorsAttn_Post_5,-0.12094,-5.3130593185187935,13.13484741060704,-3.611011451035022,DMN,LH,DorsAttn_Post_5
MDD,7Networks_LH_DorsAttn_Post_6,0.021596,15.787901719362498,4.098712774972672,-7.735909973838585,DMN,LH,DorsAttn_Post_6
MDD,7Networks_LH_DorsAttn_Post_7,-0.001508,-1.132208438988389,9.502973773882855,-5.834892623086869,DMN,LH,DorsAttn_Post_7
MDD,7Networks_LH_DorsAttn_Post_8,-0.088786,19.414588335045753,4.81052377911069,-9.009681504727908,DMN,LH,DorsAttn_Post_8
MDD,7Networks_LH_DorsAttn_Post_9,-0.10581,2.576484049579169,4.332644102920894,-6.8742069126274945,DMN,LH,DorsAttn_Post_9
MDD,7Networks_LH_DorsAttn_Post_10,-0.11736,0.5147073006795532,7.694399039322,-6.375293833512541,DMN,LH,DorsAttn_Post_10
MDD,7Networks_LH_DorsAttn_Post_11,-0.058993,21.66193397164668,4.904813868287179,-9.637302012081557,DMN,LH,DorsAttn_Post_11
MDD,7Networks_LH_DorsAttn_Post_12,0.01132,4.851662307900236,7.184912311094739,-7.2694680333929105,DMN,LH,DorsAttn_Post_12
MDD,7Networks_LH_DorsAttn_Post_13,0.32173,-4.394548054631158,9.679493929428736,-4.178413257414296,DMN,LH,DorsAttn_Post_13
MDD,7Networks_LH_DorsAttn_Post_14,0.098844,3.5922963699821446,8.818879241322673,-6.878734762521493,DMN,LH,DorsAttn_Post_14
MDD,7Networks_LH_DorsAttn_Post_15,0.45669,-4.301497140312605,9.667930103790182,-1.749519527891832,DMN,LH,DorsAttn_Post_15
MDD,7Networks_LH_DorsAttn_Post_16,0.18684,14.48358327388163,6.460420444046268,-8.459813812610276,DMN,LH,DorsAttn_Post_16
MDD,7Networks_LH_DorsAttn_Post_17,0.33748,19.620426592996495,4.962737285208999,-6.878283125626654,DMN,LH,DorsAttn_Post_17
MDD,7Networks_LH_DorsAttn_FEF_1,-0.19679,-0.48001388135134787,4.4326275897821485,-3.8485124691054438,DMN,LH,DorsAttn_FEF_1
MDD,7Networks_LH_DorsAttn_FEF_2,-0.25553,2.978129127601033,5.26057015525659,-7.070090809432392,DMN,LH,DorsAttn_FEF_2
MDD,7Networks_LH_DorsAttn_FEF_3,-0.25614,10.54958281154849,5.404017256628492,-8.060246251598885,DMN,LH,DorsAttn_FEF_3
MDD,7Networks_LH_DorsAttn_FEF_4,-0.1663,3.161009834439505,3.5409803767443875,-5.961828730107485,DMN,LH,DorsAttn_FEF_4
MDD,7Networks_LH_DorsAttn_PrCv_1,-0.30287,4.242312122396753,-0.5327965412459023,-5.616025676912477,DMN,LH,DorsAttn_PrCv_1
MDD,7Networks_LH_DorsAttn_PrCv_2,-0.26798,2.5681198965247547,0.17523639363205654,-5.55666229787825,DMN,LH,DorsAttn_PrCv_2
MDD,7Networks_LH_SalVentAttn_ParOper_1,-0.030293,29.739252020648436,-2.811911205684786,10.011730986020462,salince,LH,SalVentAttn_ParOper_1
MDD,7Networks_LH_SalVentAttn_ParOper_2,-0.037889,14.568063410826637,-4.981498053559246,6.171339240337892,salince,LH,SalVentAttn_ParOper_2
MDD,7Networks_LH_SalVentAttn_ParOper_3,-0.077605,23.359069437347372,2.180035287115939,-4.421741715513228,salince,LH,SalVentAttn_ParOper_3
MDD,7Networks_LH_SalVentAttn_ParOper_4,0.017676,20.669817191810075,-2.5243846169207202,3.5246281713104355,salince,LH,SalVentAttn_ParOper_4
MDD,7Networks_LH_SalVentAttn_TempOcc_1,-0.013999,-8.958346951324502,-7.213820089620737,2.1421741247949444,salince,LH,SalVentAttn_TempOcc_1
MDD,7Networks_LH_SalVentAttn_FrOperIns_1,-0.017104,28.7917791713505,-4.284114912349728,13.445333187147217,salince,LH,SalVentAttn_FrOperIns_1
MDD,7Networks_LH_SalVentAttn_FrOperIns_2,-0.082678,26.934502785703614,-4.497320783749718,11.512982014026965,salince,LH,SalVentAttn_FrOperIns_2
MDD,7Networks_LH_SalVentAttn_FrOperIns_3,-0.21815,5.220746507980559,-6.961405803733918,1.1313025900669265,salince,LH,SalVentAttn_FrOperIns_3
MDD,7Networks_LH_SalVentAttn_FrOperIns_4,-0.065262,29.75940473180876,-4.033526317245158,12.761627695455713,salince,LH,SalVentAttn_FrOperIns_4
MDD,7Networks_LH_SalVentAttn_FrOperIns_5,-0.2105,20.215468240059092,-4.661580398178812,6.847858704197758,salince,LH,SalVentAttn_FrOperIns_5
MDD,7Networks_LH_SalVentAttn_FrOperIns_6,-0.17819,27.368848989917012,-4.40400030539852,11.704046891615747,salince,LH,SalVentAttn_FrOperIns_6
MDD,7Networks_LH_SalVentAttn_FrOperIns_7,-0.076261,23.427607706839552,-4.829573045419965,9.565924252981207,salince,LH,SalVentAttn_FrOperIns_7
MDD,7Networks_LH_SalVentAttn_FrOperIns_8,-0.031485,29.022381515140726,-3.9503775945767763,12.054896018621163,salince,LH,SalVentAttn_FrOperIns_8
MDD,7Networks_LH_SalVentAttn_FrOperIns_9,-0.20798,14.083498016166653,-2.1472015877217623,-0.44604773258632713,salince,LH,SalVentAttn_FrOperIns_9
MDD,7Networks_LH_SalVentAttn_PFCl_1,0.10017,-1.7149649646523426,-6.3610618979644284,-1.211036737222182,salince,LH,SalVentAttn_PFCl_1
MDD,7Networks_LH_SalVentAttn_Med_1,0.1198,9.166167154283885,-7.114007952557215,3.8094818372489496,salince,LH,SalVentAttn_Med_1
MDD,7Networks_LH_SalVentAttn_Med_2,0.16533,25.333528893987786,-2.4199579820840187,5.817222969987542,salince,LH,SalVentAttn_Med_2
MDD,7Networks_LH_SalVentAttn_Med_3,-0.0055435,14.997516178962371,2.380778529239623,-3.8718273390227673,salince,LH,SalVentAttn_Med_3
MDD,7Networks_LH_SalVentAttn_Med_4,0.023738,19.59297531833657,-3.453686564564688,3.8126900933180616,salince,LH,SalVentAttn_Med_4
MDD,7Networks_LH_SalVentAttn_Med_5,-0.020353,6.479164943767086,6.393544042968749,-2.911395523850606,salince,LH,SalVentAttn_Med_5
MDD,7Networks_LH_SalVentAttn_Med_6,0.14819,0.277876053620176,7.31417134552541,-1.5040186225558954,salince,LH,SalVentAttn_Med_6
MDD,7Networks_LH_SalVentAttn_Med_7,0.13803,23.029793366765098,0.2741632709654996,-2.7231889528493762,salince,LH,SalVentAttn_Med_7
MDD,7Networks_LH_Limbic_OFC_1,0.027131,-15.07939681078738,-5.348295857439677,0.6370626161639757,limbic,LH,Limbic_OFC_1
MDD,7Networks_LH_Limbic_OFC_2,0.041146,-14.649414851358472,-9.594169585523636,0.4987035962419828,limbic,LH,Limbic_OFC_2
MDD,7Networks_LH_Limbic_OFC_3,-0.016813,-15.873756691369074,-9.843385866576538,0.3245069958442278,limbic,LH,Limbic_OFC_3
MDD,7Networks_LH_Limbic_OFC_4,-0.19809,-15.732896053310629,-7.406907206133393,1.0108341122699909,limbic,LH,Limbic_OFC_4
MDD,7Networks_LH_Limbic_OFC_5,0.11331,-18.499178768947456,-12.233398811063982,-0.06090628714489491,limbic,LH,Limbic_OFC_5
MDD,7Networks_LH_Limbic_TempPole_1,-0.069805,-13.278957310006733,-8.48238286010984,0.9533771482975738,limbic,LH,Limbic_TempPole_1
MDD,7Networks_LH_Limbic_TempPole_2,-0.011875,-13.786706277042052,-6.287459814775226,1.3097069031605666,limbic,LH,Limbic_TempPole_2
MDD,7Networks_LH_Limbic_TempPole_3,-0.017505,-14.323955231399527,-2.7507902079907143,0.6430105582238701,limbic,LH,Limbic_TempPole_3
MDD,7Networks_LH_Limbic_TempPole_4,-0.069649,-15.929076817700572,-13.569478175744043,0.46982524223138844,limbic,LH,Limbic_TempPole_4
MDD,7Networks_LH_Limbic_TempPole_5,-0.057326,-13.461558545577962,-3.0617111814252214,0.010812551384396185,limbic,LH,Limbic_TempPole_5
MDD,7Networks_LH_Limbic_TempPole_6,-0.0091494,-14.032217843931319,-10.02709289727993,1.654419461179098,limbic,LH,Limbic_TempPole_6
MDD,7Networks_LH_Limbic_TempPole_7,-0.036918,-11.767654340189784,-8.543011987848477,2.1107013113413804,limbic,LH,Limbic_TempPole_7
MDD,7Networks_LH_Limbic_TempPole_8,-0.005358,-15.931628064985272,-3.3037561565637725,1.2768960736401849,limbic,LH,Limbic_TempPole_8
MDD,7Networks_LH_Cont_Par_1,0.0013303,-7.121655967101909,7.100580766589822,-3.9001468034385267,control,LH,Cont_Par_1
MDD,7Networks_LH_Cont_Par_2,-0.020454,4.75567605093164,-2.5746053405184637,-3.560181552851358,control,LH,Cont_Par_2
MDD,7Networks_LH_Cont_Par_3,-0.090038000000000007,-6.777298660656547,-6.484660423966035,-4.850334148231068,control,LH,Cont_Par_3
MDD,7Networks_LH_Cont_Par_4,-0.011239,-4.946415605456445,-0.4979056911371546,-5.6983414455418755,control,LH,Cont_Par_4
MDD,7Networks_LH_Cont_Par_5,-0.042034,-2.002105596813119,-0.6794573623821332,-5.98028024230844,control,LH,Cont_Par_5
MDD,7Networks_LH_Cont_Par_6,-0.085427,6.748798077393398,4.678509350800838,-7.509035538652029,control,LH,Cont_Par_6
MDD,7Networks_LH_Cont_Temp_1,0.13365,-9.115093287363305,-4.488686613256034,-3.6619016498300936,control,LH,Cont_Temp_1
MDD,7Networks_LH_Cont_OFC_1,0.064419,-13.330076814426244,-9.98575678225555,-0.7779125675036105,control,LH,Cont_OFC_1
MDD,7Networks_LH_Cont_PFCl_1,0.0365,-13.204665194619169,-10.967389469497887,-2.758492021222187,control,LH,Cont_PFCl_1
MDD,7Networks_LH_Cont_PFCl_2,-0.094208,-2.4518148790004326,-4.5309922704919146,-4.735584798607897,control,LH,Cont_PFCl_2
MDD,7Networks_LH_Cont_PFCl_3,0.10605,-6.543614099545783,-7.929083740275248,-3.5257779304902503,control,LH,Cont_PFCl_3
MDD,7Networks_LH_Cont_PFCl_4,0.15119,-13.56147423614946,-12.292897177603804,-1.6467959863823542,control,LH,Cont_PFCl_4
MDD,7Networks_LH_Cont_PFCl_5,0.011199,6.153060878621135,-2.8677871817979548,-2.8375568979976857,control,LH,Cont_PFCl_5
MDD,7Networks_LH_Cont_PFCl_6,-0.16942,-8.449856254592074,-6.592098128086539,-4.451560175722313,control,LH,Cont_PFCl_6
MDD,7Networks_LH_Cont_PFCl_7,-0.25803,-6.813917531847039,-3.830933688782994,-4.6713394366827465,control,LH,Cont_PFCl_7
MDD,7Networks_LH_Cont_PFCl_8,0.04041,-12.022806094495982,-10.256754514261155,-3.2168907137797853,control,LH,Cont_PFCl_8
MDD,7Networks_LH_Cont_PFCv_1,-0.2051,-4.721822015691104,-10.398188719261006,1.107246531011487,control,LH,Cont_PFCv_1
MDD,7Networks_LH_Cont_pCun_1,0.32304,-13.537820599981194,10.20252300271713,0.721274211704936,control,LH,Cont_pCun_1
MDD,7Networks_LH_Cont_pCun_2,0.30777,-13.854543985004572,4.838519398044873,0.41122816011735014,control,LH,Cont_pCun_2
MDD,7Networks_LH_Cont_Cing_1,0.17089,-4.961653511999851,-9.911192795056282,-0.3945460727558232,control,LH,Cont_Cing_1
MDD,7Networks_LH_Cont_Cing_2,0.1077,-15.691271648869888,-11.788182188868982,-0.2834568195382606,control,LH,Cont_Cing_2
MDD,7Networks_LH_Cont_PFCmp_1,-0.085286,-11.497519382710108,-10.960211603238506,-2.664045688194961,control,LH,Cont_PFCmp_1
MDD,7Networks_LH_Default_Temp_1,-0.13737,-16.47704360342419,-13.36274732145151,1.097550423413214,DMN,LH,Default_Temp_1
MDD,7Networks_LH_Default_Temp_2,-0.0037001,-17.65743986948971,-13.459549679783517,0.19447845173821326,DMN,LH,Default_Temp_2
MDD,7Networks_LH_Default_Temp_3,0.10504,-11.680715396075206,-6.691696929439813,-2.7476698355039124,DMN,LH,Default_Temp_3
MDD,7Networks_LH_Default_Temp_4,-0.11548,-14.79386997109711,-11.757450518763223,1.581606511171447,DMN,LH,Default_Temp_4
MDD,7Networks_LH_Default_Temp_5,0.0013748,9.237744941583527,-6.147600813443419,5.765814741187967,DMN,LH,Default_Temp_5
MDD,7Networks_LH_Default_Temp_6,-0.016487,-13.792434114478365,-11.922511356449276,1.3216444008881287,DMN,LH,Default_Temp_6
MDD,7Networks_LH_Default_Temp_7,-0.091331,-11.976518901871545,-10.970395787579479,1.9762590784614793,DMN,LH,Default_Temp_7
MDD,7Networks_LH_Default_Temp_8,-0.079436,-9.833533215899923,-9.283669509062333,2.8141579654100934,DMN,LH,Default_Temp_8
MDD,7Networks_LH_Default_Temp_9,-0.050995,-7.825436759748935,-9.298363833112647,2.9105916616669463,DMN,LH,Default_Temp_9
MDD,7Networks_LH_Default_Temp_10,-0.14382,-8.901627647461268,-9.254521026440004,2.4715369704119374,DMN,LH,Default_Temp_10
MDD,7Networks_LH_Default_Par_1,-0.061294,-7.916304997396909,-7.600563276956261,2.8553141493957557,DMN,LH,Default_Par_1
MDD,7Networks_LH_Default_Par_2,-0.053268,-14.619590730943344,-10.142486300149246,1.504375958237459,DMN,LH,Default_Par_2
MDD,7Networks_LH_Default_Par_3,-0.027814,-17.161927507466487,-2.401529244419935,2.60926668697317e-4,DMN,LH,Default_Par_3
MDD,7Networks_LH_Default_Par_4,-0.052048,-18.59630918076333,-13.58110516683652,-0.12258241094895087,DMN,LH,Default_Par_4
MDD,7Networks_LH_Default_Par_5,-0.10204,-16.221685641782425,-13.778460187869701,0.6564573016913565,DMN,LH,Default_Par_5
MDD,7Networks_LH_Default_Par_6,0.071452,-18.138547817841115,-13.233911576251929,-1.4744163084569315,DMN,LH,Default_Par_6
MDD,7Networks_LH_Default_Par_7,-0.030685,-14.44695851304899,-11.44643163527386,-3.16945571204036,DMN,LH,Default_Par_7
MDD,7Networks_LH_Default_PFC_1,-0.053044,-14.008184373213501,-11.945098325937039,0.9642882195476857,DMN,LH,Default_PFC_1
MDD,7Networks_LH_Default_PFC_2,-0.015086,-13.6737470227973,-9.75704989407296,-0.33540741180516365,DMN,LH,Default_PFC_2
MDD,7Networks_LH_Default_PFC_3,0.10861,-18.47737693864484,-12.21983300720621,-0.042038274903651515,DMN,LH,Default_PFC_3
MDD,7Networks_LH_Default_PFC_4,-0.023054,-15.905156882821425,-11.463766226608545,0.12196955544653412,DMN,LH,Default_PFC_4
MDD,7Networks_LH_Default_PFC_5,-0.011929,-13.01734472157218,-11.442350258189602,0.5382329001032933,DMN,LH,Default_PFC_5
MDD,7Networks_LH_Default_PFC_6,0.18151,-15.54702155107319,-12.455059187057469,-1.8923908783064067,DMN,LH,Default_PFC_6
MDD,7Networks_LH_Default_PFC_7,-0.10917,-10.195778091879395,-10.13948305517444,0.747026734488261,DMN,LH,Default_PFC_7
MDD,7Networks_LH_Default_PFC_8,0.099027,-18.39850857284046,-13.048566677243935,-0.05419818742856701,DMN,LH,Default_PFC_8
MDD,7Networks_LH_Default_PFC_9,-0.040856,-15.677617634554156,-12.918350339792998,0.005690622155096053,DMN,LH,Default_PFC_9
MDD,7Networks_LH_Default_PFC_10,-0.18994,-6.305576350792552,-8.031286886548896,-0.7532360775403459,DMN,LH,Default_PFC_10
MDD,7Networks_LH_Default_PFC_11,0.11306,-18.892902347365794,-12.930777274972828,-0.30081139160406367,DMN,LH,Default_PFC_11
MDD,7Networks_LH_Default_PFC_12,0.083158,-10.559457498304527,-11.836475142495521,0.06388629813987946,DMN,LH,Default_PFC_12
MDD,7Networks_LH_Default_PFC_13,0.068477,-18.26186540312163,-14.350187651382166,-0.24026912644853066,DMN,LH,Default_PFC_13
MDD,7Networks_LH_Default_PFC_14,0.094243,-18.343504735813415,-14.616983055180427,0.30823309858009745,DMN,LH,Default_PFC_14
MDD,7Networks_LH_Default_PFC_15,0.091368,-18.44082578400532,-13.971963319120034,-0.24644012332390214,DMN,LH,Default_PFC_15
MDD,7Networks_LH_Default_PFC_16,-0.079122,-18.389862631971038,-11.788280127076375,-0.7556787932726803,DMN,LH,Default_PFC_16
MDD,7Networks_LH_Default_PFC_17,-0.082981,-15.865599658404285,-12.82682551486676,-2.206678581014997,DMN,LH,Default_PFC_17
MDD,7Networks_LH_Default_PFC_18,0.25656,-18.241008891198646,-14.728080409248657,-0.25403965533024364,DMN,LH,Default_PFC_18
MDD,7Networks_LH_Default_PFC_19,-0.043649,-18.968300952164416,-13.718741614104601,-0.39445336994023006,DMN,LH,Default_PFC_19
MDD,7Networks_LH_Default_PFC_20,-0.17622,-11.7775123521714,-10.1309832690254,-2.074520046502278,DMN,LH,Default_PFC_20
MDD,7Networks_LH_Default_PFC_21,-0.021185,-12.297101735080547,-8.62380324990578,-3.7788085120633323,DMN,LH,Default_PFC_21
MDD,7Networks_LH_Default_PFC_22,-0.1397,-17.246001773365883,-11.809217644318094,-1.6058272277084917,DMN,LH,Default_PFC_22
MDD,7Networks_LH_Default_PFC_23,0.055504,-17.45238895464823,-14.383030563756916,-0.23821560380982526,DMN,LH,Default_PFC_23
MDD,7Networks_LH_Default_PFC_24,0.060165,-7.055775398605027,-9.088187400086394,0.6177959079961843,DMN,LH,Default_PFC_24
MDD,7Networks_LH_Default_pCunPCC_1,0.26081,-18.276985507282664,6.588493449461072,2.160098264702392,DMN,LH,Default_pCunPCC_1
MDD,7Networks_LH_Default_pCunPCC_2,-0.14782,-18.4024081456357,5.323418548302971,1.9896972392121277,DMN,LH,Default_pCunPCC_2
MDD,7Networks_LH_Default_pCunPCC_3,0.087909,-19.336440065712885,-7.416616998212471,0.3895641759932422,DMN,LH,Default_pCunPCC_3
MDD,7Networks_LH_Default_pCunPCC_4,0.14397,-18.92528046474186,-7.381250540222709,0.1731492730375865,DMN,LH,Default_pCunPCC_4
MDD,7Networks_LH_Default_pCunPCC_5,-0.10807,-18.159156696730605,2.0733062971679206,1.3081643772825724,DMN,LH,Default_pCunPCC_5
MDD,7Networks_LH_Default_pCunPCC_6,-0.024237,-19.82085696558,-9.629827980347539,0.1731209039008806,DMN,LH,Default_pCunPCC_6
MDD,7Networks_LH_Default_pCunPCC_7,0.13296,-19.502777298440783,-11.776492446419086,-0.25564669512152804,DMN,LH,Default_pCunPCC_7
MDD,7Networks_LH_Default_pCunPCC_8,0.092291,-18.15705565919645,-10.63374792050398,-0.8097563255854673,DMN,LH,Default_pCunPCC_8
MDD,7Networks_LH_Default_pCunPCC_9,0.1245,-14.248644856088424,-12.082733782356998,-0.29584116724069154,DMN,LH,Default_pCunPCC_9
MDD,7Networks_LH_Default_pCunPCC_10,0.13513,-19.0345934957019,-7.079665385237823,0.18217288607864052,DMN,LH,Default_pCunPCC_10
MDD,7Networks_LH_Default_pCunPCC_11,0.13756,-19.209371737882993,-8.819375855126554,0.1707683277609574,DMN,LH,Default_pCunPCC_11
MDD,7Networks_RH_Vis_1,-0.085747,-13.31936380967368,15.600149166892894,1.6746424326383467,visual,RH,Vis_1
MDD,7Networks_RH_Vis_2,-0.19334,-15.244542349377996,8.838435479371721,2.0795508668886384,visual,RH,Vis_2
MDD,7Networks_RH_Vis_3,-0.052928,-15.422825154911028,20.903100347295172,2.4834156930808486,visual,RH,Vis_3
MDD,7Networks_RH_Vis_4,0.23475,-13.947222438563449,18.350232331438484,1.433503613304715,visual,RH,Vis_4
MDD,7Networks_RH_Vis_5,-0.28565,-17.946589551558176,23.80567833838041,4.1298082412116806,visual,RH,Vis_5
MDD,7Networks_RH_Vis_6,-0.12426,-16.65781197708901,23.361552799106285,3.276668349573088,visual,RH,Vis_6
MDD,7Networks_RH_Vis_7,-0.0083723,-17.603652638087897,14.865741626758787,3.441064352756536,visual,RH,Vis_7
MDD,7Networks_RH_Vis_8,0.13202,-14.615650810696607,20.390835893324933,1.8449766618577599,visual,RH,Vis_8
MDD,7Networks_RH_Vis_9,0.24809,-11.444300093910705,17.020397207788534,0.00857121971232392,visual,RH,Vis_9
MDD,7Networks_RH_Vis_10,0.38601,-14.26813430417873,15.793884893424341,1.6987266366377751,visual,RH,Vis_10
MDD,7Networks_RH_Vis_11,0.0059793,-17.541776580322036,23.718167363631913,3.789561209921667,visual,RH,Vis_11
MDD,7Networks_RH_Vis_12,-0.096012,-18.314986528306697,23.46271145801916,4.386930583538171,visual,RH,Vis_12
MDD,7Networks_RH_Vis_13,0.28372000000000003,-14.398931642977328,18.602139072709907,1.5039282774666347,visual,RH,Vis_13
MDD,7Networks_RH_Vis_14,4.2981e-5,-17.98697314417482,21.623087503459224,4.158668787095789,visual,RH,Vis_14
MDD,7Networks_RH_Vis_15,0.07629,-16.7785504666974,23.504740957232073,3.3591286564478757,visual,RH,Vis_15
MDD,7Networks_RH_Vis_16,-0.028406,-16.089731350085607,21.320697447058,3.2776152768082674,visual,RH,Vis_16
MDD,7Networks_RH_Vis_17,0.14451,-17.528345529983554,18.927882383682608,3.722548493526239,visual,RH,Vis_17
MDD,7Networks_RH_Vis_18,-0.015152,-16.53044576423374,24.076192886000527,3.125058501833914,visual,RH,Vis_18
MDD,7Networks_RH_Vis_19,-0.049993,-18.08980455512366,23.45237162759597,4.158054965780542,visual,RH,Vis_19
MDD,7Networks_RH_Vis_20,-0.11753,-18.452232849481646,23.58704200945491,4.485060769488898,visual,RH,Vis_20
MDD,7Networks_RH_Vis_21,0.156,-16.52606594539748,23.752140431795368,3.1330052585951957,visual,RH,Vis_21
MDD,7Networks_RH_Vis_22,-0.090208,-16.79360155641245,23.561136064404955,3.325613471839952,visual,RH,Vis_22
MDD,7Networks_RH_Vis_23,0.032485,-17.992785057088977,25.13116082118207,4.106835162184169,visual,RH,Vis_23
MDD,7Networks_RH_Vis_24,-0.18256,-17.228742588605133,18.182016844778733,3.470102789419282,visual,RH,Vis_24
MDD,7Networks_RH_Vis_25,-0.068623,-18.485916544879,23.543955764078717,4.372682262019051,visual,RH,Vis_25
MDD,7Networks_RH_Vis_26,-0.030367,-17.48842286685754,25.0561492741601,3.664905615652029,visual,RH,Vis_26
MDD,7Networks_RH_Vis_27,-0.1012,-13.234643143247277,20.777461206053154,1.0823979498250365,visual,RH,Vis_27
MDD,7Networks_RH_Vis_28,-0.073289000000000007,-16.09849826089615,20.056584226365533,3.366722448069376,visual,RH,Vis_28
MDD,7Networks_RH_Vis_29,0.21963,-18.01985740998921,24.2272230101957,4.035420283834244,visual,RH,Vis_29
MDD,7Networks_RH_Vis_30,-0.076479,-9.785673505671939,17.175889558851456,-1.1558947729596987,visual,RH,Vis_30
MDD,7Networks_RH_SomMot_1,0.045498,29.35865891865744,-4.034684900459667,12.75221825091316,somMot,RH,SomMot_1
MDD,7Networks_RH_SomMot_2,-0.091083,-8.868865880820284,-9.801815323404151,2.7996604003215073,somMot,RH,SomMot_2
MDD,7Networks_RH_SomMot_3,0.014097,29.807897502243456,-3.774152191757913,12.42807306692085,somMot,RH,SomMot_3
MDD,7Networks_RH_SomMot_4,-0.019945,31.009164847086005,-4.095031026392147,13.941274051162551,somMot,RH,SomMot_4
MDD,7Networks_RH_SomMot_5,-0.10043,31.709115521970556,-3.2386714551715405,12.052928454656609,somMot,RH,SomMot_5
MDD,7Networks_RH_SomMot_6,0.0023785,31.806578942892116,-2.761084229527227,11.439848090570122,somMot,RH,SomMot_6
MDD,7Networks_RH_SomMot_7,-0.016741,29.0800174015133,-3.223498782284007,10.326301355058893,somMot,RH,SomMot_7
MDD,7Networks_RH_SomMot_8,-0.051622,5.769958471122055,-6.50708610159529,5.338655853925232,somMot,RH,SomMot_8
MDD,7Networks_RH_SomMot_9,0.011674,32.20032552758363,-3.2545869145165085,12.458246678392962,somMot,RH,SomMot_9
MDD,7Networks_RH_SomMot_10,-0.063427,31.038954207222535,-2.7175877569341838,10.748863506506583,somMot,RH,SomMot_10
MDD,7Networks_RH_SomMot_11,-0.021896,31.631841271619177,-3.5394449000253494,12.913953625356514,somMot,RH,SomMot_11
MDD,7Networks_RH_SomMot_12,0.068181,30.30679538312394,-3.195772856824698,10.80891830898331,somMot,RH,SomMot_12
MDD,7Networks_RH_SomMot_13,-0.066692,31.727139165649852,-2.8190839180255556,11.233905705421598,somMot,RH,SomMot_13
MDD,7Networks_RH_SomMot_14,0.065477,30.67521882097525,-2.5383197009325422,8.90802529847336,somMot,RH,SomMot_14
MDD,7Networks_RH_SomMot_15,-0.37723,27.946842843920688,1.342083927707034,-3.297892988619257,somMot,RH,SomMot_15
MDD,7Networks_RH_SomMot_16,-0.11176,30.615125708392362,-0.25673767395589475,1.4292750463273955,somMot,RH,SomMot_16
MDD,7Networks_RH_SomMot_17,-0.12263,27.15471251187754,1.4760456817697833,-2.82242137083861,somMot,RH,SomMot_17
MDD,7Networks_RH_SomMot_18,-0.11274,30.317955307319,0.25410649492518517,-0.3474660080582734,somMot,RH,SomMot_18
MDD,7Networks_RH_SomMot_19,-0.16481,27.144511678993496,3.0537964696634763,-7.205114388341528,somMot,RH,SomMot_19
MDD,7Networks_RH_SomMot_20,-0.060062,24.86055371115586,1.3929097293200148,-1.8280486046177138,somMot,RH,SomMot_20
MDD,7Networks_RH_SomMot_21,-0.12431,30.99785270822083,2.2789612031796795,-6.174464665086375,somMot,RH,SomMot_21
MDD,7Networks_RH_SomMot_22,-0.11807,30.91620312353378,1.6881123154532243,-3.764883856282175,somMot,RH,SomMot_22
MDD,7Networks_RH_SomMot_23,-0.014501,26.042397627187256,4.056384744475828,-8.99364173635987,somMot,RH,SomMot_23
MDD,7Networks_RH_SomMot_24,-0.1022,30.00797847139493,0.7916449096351489,-0.35857764603686226,somMot,RH,SomMot_24
MDD,7Networks_RH_SomMot_25,-0.16371,30.608190054137047,3.103692891709876,-8.195084183619059,somMot,RH,SomMot_25
MDD,7Networks_RH_SomMot_26,-0.0037319,30.572741774364562,3.1905141238030614,-8.181281475362184,somMot,RH,SomMot_26
MDD,7Networks_RH_SomMot_27,-0.053368,28.74894334898955,3.4837039546619817,-8.344631774290201,somMot,RH,SomMot_27
MDD,7Networks_RH_SomMot_28,0.066555,27.1226341407707,3.920995364019225,-8.863312323826198,somMot,RH,SomMot_28
MDD,7Networks_RH_SomMot_29,-0.035023,30.458052480517452,3.260460489993924,-7.994266945208267,somMot,RH,SomMot_29
MDD,7Networks_RH_SomMot_30,-0.20332,28.987960532303216,2.7253378118272313,-5.551888142603865,somMot,RH,SomMot_30
MDD,7Networks_RH_SomMot_31,-0.18504,25.325991230998277,4.245089556233327,-9.223088838624049,somMot,RH,SomMot_31
MDD,7Networks_RH_SomMot_32,0.15247,26.692390222447028,3.7794296921969632,-7.841089850862846,somMot,RH,SomMot_32
MDD,7Networks_RH_SomMot_33,-0.051029,29.933765423482782,2.6724463901307773,-5.974988674614932,somMot,RH,SomMot_33
MDD,7Networks_RH_SomMot_34,0.050672,29.63681654926201,2.540161473546315,-5.58529696228853,somMot,RH,SomMot_34
MDD,7Networks_RH_SomMot_35,0.13642,29.11178385279027,3.0801888779243285,-7.124448910052997,somMot,RH,SomMot_35
MDD,7Networks_RH_SomMot_36,-0.058272,26.617328922227696,2.796237103402921,-6.301901471898073,somMot,RH,SomMot_36
MDD,7Networks_RH_SomMot_37,0.35304,26.16236086139825,3.9636751927543536,-8.179371404905657,somMot,RH,SomMot_37
MDD,7Networks_RH_SomMot_38,0.1476,27.083440263336453,3.353407851420359,-7.041341109198337,somMot,RH,SomMot_38
MDD,7Networks_RH_SomMot_39,0.084402,29.339166173935645,3.0149395686520157,-7.2104697379532965,somMot,RH,SomMot_39
MDD,7Networks_RH_SomMot_40,0.25061,28.793793533729506,3.2623896576161493,-7.272814529367891,somMot,RH,SomMot_40
MDD,7Networks_RH_DorsAttn_Post_1,0.33799,-10.654829676248509,10.787216621810565,-0.8373726025454599,DMN,RH,DorsAttn_Post_1
MDD,7Networks_RH_DorsAttn_Post_2,0.11326,-2.535877304080891,4.220911667627105,-3.814449579164273,DMN,RH,DorsAttn_Post_2
MDD,7Networks_RH_DorsAttn_Post_3,-0.015185,-10.270773752612588,-2.7407941643369327,2.1134590440220515,DMN,RH,DorsAttn_Post_3
MDD,7Networks_RH_DorsAttn_Post_4,-0.031311,-17.799805883680147,-3.3074253971719507,0.15824989521864813,DMN,RH,DorsAttn_Post_4
MDD,7Networks_RH_DorsAttn_Post_5,-0.098194,-3.7531541112899016,8.557095420360023,-4.945771300170301,DMN,RH,DorsAttn_Post_5
MDD,7Networks_RH_DorsAttn_Post_6,-0.086854,19.92055272139467,3.5509588842147757,-7.341052477460704,DMN,RH,DorsAttn_Post_6
MDD,7Networks_RH_DorsAttn_Post_7,0.22725,-9.124467877166172,15.279150815663298,-1.385480065253186,DMN,RH,DorsAttn_Post_7
MDD,7Networks_RH_DorsAttn_Post_8,0.047854,11.606453465602526,4.289448985565926,-7.4146555049147596,DMN,RH,DorsAttn_Post_8
MDD,7Networks_RH_DorsAttn_Post_9,-0.16431,19.286481786329144,4.536566488281743,-8.6939054484030045,DMN,RH,DorsAttn_Post_9
MDD,7Networks_RH_DorsAttn_Post_10,0.060907,-2.966345303463052,3.9482322926296725,-5.901113027155205,DMN,RH,DorsAttn_Post_10
MDD,7Networks_RH_DorsAttn_Post_11,-0.11082,5.026224068706605,3.575793200765655,-7.032816840612333,DMN,RH,DorsAttn_Post_11
MDD,7Networks_RH_DorsAttn_Post_12,0.15337,-1.7356354338573017,9.38947790145984,-5.456796700860646,DMN,RH,DorsAttn_Post_12
MDD,7Networks_RH_DorsAttn_Post_13,-0.097201,21.620718171174854,4.602970487284323,-9.194935734639142,DMN,RH,DorsAttn_Post_13
MDD,7Networks_RH_DorsAttn_Post_14,-0.01666,6.493395696680767,6.5697759804131195,-7.633437312018795,DMN,RH,DorsAttn_Post_14
MDD,7Networks_RH_DorsAttn_Post_15,0.35629,-9.63154889702495,9.22987177690484,-1.1917861462854087,DMN,RH,DorsAttn_Post_15
MDD,7Networks_RH_DorsAttn_Post_16,0.052552,7.073022276667612,8.481935642255932,-7.397320121132871,DMN,RH,DorsAttn_Post_16
MDD,7Networks_RH_DorsAttn_Post_17,0.27182,-1.050747476264075,9.525420199671341,-1.7234860859423686,DMN,RH,DorsAttn_Post_17
MDD,7Networks_RH_DorsAttn_Post_18,0.39904,-0.41359414639359754,10.160343249453048,-4.855825028431009,DMN,RH,DorsAttn_Post_18
MDD,7Networks_RH_DorsAttn_Post_19,0.22998,25.506005770598218,4.353485749402172,-9.451454335495233,DMN,RH,DorsAttn_Post_19
MDD,7Networks_RH_DorsAttn_FEF_1,-0.20914,16.52840801706091,4.164332993169692,-7.624587771892522,DMN,RH,DorsAttn_FEF_1
MDD,7Networks_RH_DorsAttn_FEF_2,-0.29734,7.41981331127179,5.943090085469129,-7.690827142701466,DMN,RH,DorsAttn_FEF_2
MDD,7Networks_RH_DorsAttn_FEF_3,-0.14242,12.06223646814371,5.003384799791988,-7.724853352620614,DMN,RH,DorsAttn_FEF_3
MDD,7Networks_RH_DorsAttn_PrCv_1,-0.34505,8.54853063598092,-0.11282920652284122,-4.300571588218002,DMN,RH,DorsAttn_PrCv_1
MDD,7Networks_RH_SalVentAttn_TempOccPar_1,0.0027397,-8.491856945812112,-7.775580141107681,2.1269208883321924,salince,RH,SalVentAttn_TempOccPar_1
MDD,7Networks_RH_SalVentAttn_TempOccPar_2,-0.11423,-6.377342647657362,-6.625201873598911,3.0121759911856105,salince,RH,SalVentAttn_TempOccPar_2
MDD,7Networks_RH_SalVentAttn_TempOccPar_3,-0.11424,4.449511894894545,-5.48846048751372,4.330474503290441,salince,RH,SalVentAttn_TempOccPar_3
MDD,7Networks_RH_SalVentAttn_TempOccPar_4,-0.034405,29.45263850299206,-3.644119047247844,11.691669778889421,salince,RH,SalVentAttn_TempOccPar_4
MDD,7Networks_RH_SalVentAttn_TempOccPar_5,0.05012,29.57169361403259,-3.038947008389672,10.398054385163295,salince,RH,SalVentAttn_TempOccPar_5
MDD,7Networks_RH_SalVentAttn_TempOccPar_6,0.041096,23.000911749937885,-2.1004324241904913,4.301576796096967,salince,RH,SalVentAttn_TempOccPar_6
MDD,7Networks_RH_SalVentAttn_TempOccPar_7,-0.0053546,13.979925059343635,-4.868930576971624,3.599456900503203,salince,RH,SalVentAttn_TempOccPar_7
MDD,7Networks_RH_SalVentAttn_PrC_1,-0.27717,17.20461863312713,1.330881654724142,-4.372094555709659,salince,RH,SalVentAttn_PrC_1
MDD,7Networks_RH_SalVentAttn_FrOperIns_1,0.078127,30.079778941035716,-4.316151188876143,13.859815271958615,salince,RH,SalVentAttn_FrOperIns_1
MDD,7Networks_RH_SalVentAttn_FrOperIns_2,-0.055693,24.176246392757175,-5.128460130825226,10.88368965629883,salince,RH,SalVentAttn_FrOperIns_2
MDD,7Networks_RH_SalVentAttn_FrOperIns_3,-0.0048547,29.205951494232693,-4.341609954650468,13.136175107597557,salince,RH,SalVentAttn_FrOperIns_3
MDD,7Networks_RH_SalVentAttn_FrOperIns_4,-0.17546,29.203209568476023,-4.232986775964331,12.748721354281189,salince,RH,SalVentAttn_FrOperIns_4
MDD,7Networks_RH_SalVentAttn_FrOperIns_5,-0.1808,15.63754156164106,-5.779796125297539,5.691439876646622,salince,RH,SalVentAttn_FrOperIns_5
MDD,7Networks_RH_SalVentAttn_FrOperIns_6,-0.12725,27.265636336350592,-4.440155569147584,11.637675020029068,salince,RH,SalVentAttn_FrOperIns_6
MDD,7Networks_RH_SalVentAttn_FrOperIns_7,0.025772,28.162339692699224,-4.288629339827902,12.014315568836697,salince,RH,SalVentAttn_FrOperIns_7
MDD,7Networks_RH_SalVentAttn_FrOperIns_8,-0.20885,16.404692217045977,-2.99845597603474,2.1430769105783396,salince,RH,SalVentAttn_FrOperIns_8
MDD,7Networks_RH_SalVentAttn_PFCl_1,0.12911,-0.7287127280155056,-6.787318572782276,-1.1694047119636395,salince,RH,SalVentAttn_PFCl_1
MDD,7Networks_RH_SalVentAttn_Med_1,0.078112,11.75233634511936,-5.9794038515635215,3.582475527125712,salince,RH,SalVentAttn_Med_1
MDD,7Networks_RH_SalVentAttn_Med_2,0.085638,26.154813039686783,-2.201339525502836,5.686634131023073,salince,RH,SalVentAttn_Med_2
MDD,7Networks_RH_SalVentAttn_Med_3,0.043398,10.22997143938258,2.4995409410606273,-3.295357613947932,salince,RH,SalVentAttn_Med_3
MDD,7Networks_RH_SalVentAttn_Med_4,-0.096947,13.068421332979003,-3.312365486002684,0.6448045018683475,salince,RH,SalVentAttn_Med_4
MDD,7Networks_RH_SalVentAttn_Med_5,0.1042,19.354523928833054,3.29629393063823,-4.933828300699114,salince,RH,SalVentAttn_Med_5
MDD,7Networks_RH_SalVentAttn_Med_6,0.040666,22.447978245037973,2.7058465396972613,-4.291087096314159,salince,RH,SalVentAttn_Med_6
MDD,7Networks_RH_SalVentAttn_Med_7,0.015108,27.3593173369714,-1.5662946631531425,3.9331644177090928,salince,RH,SalVentAttn_Med_7
MDD,7Networks_RH_SalVentAttn_Med_8,0.028103,11.079386997468337,-1.7159113037968032,-0.66407802642294,salince,RH,SalVentAttn_Med_8
MDD,7Networks_RH_Limbic_OFC_1,0.012049,-14.43068509396718,-6.416821910707082,0.3562458951033156,limbic,RH,Limbic_OFC_1
MDD,7Networks_RH_Limbic_OFC_2,0.021675,-13.919434329122033,-9.317105900757236,0.4817221827267817,limbic,RH,Limbic_OFC_2
MDD,7Networks_RH_Limbic_OFC_3,-0.042722,-15.899040049011338,-9.95661888694692,0.4569604735439468,limbic,RH,Limbic_OFC_3
MDD,7Networks_RH_Limbic_OFC_4,0.092591,-13.747661759029118,-9.337237877929939,-0.23560976914209644,limbic,RH,Limbic_OFC_4
MDD,7Networks_RH_Limbic_OFC_5,-0.14682,-15.525857645729106,-6.794147185397471,1.0032001007938494,limbic,RH,Limbic_OFC_5
MDD,7Networks_RH_Limbic_OFC_6,0.084922,-18.429161993614798,-11.941950132371312,0.19928770443695787,limbic,RH,Limbic_OFC_6
MDD,7Networks_RH_Limbic_TempPole_1,-0.014324,-13.470569994135804,-1.1542954137006263,0.9030380327130969,limbic,RH,Limbic_TempPole_1
MDD,7Networks_RH_Limbic_TempPole_2,-0.095873,-15.828080122084835,-12.588477862972539,0.8443984550909146,limbic,RH,Limbic_TempPole_2
MDD,7Networks_RH_Limbic_TempPole_3,0.068331,-14.465583550380003,-8.203740569399121,1.5532086739971886,limbic,RH,Limbic_TempPole_3
MDD,7Networks_RH_Limbic_TempPole_4,-0.067133,-14.130883519450279,-8.252520567769993,0.6418794928233944,limbic,RH,Limbic_TempPole_4
MDD,7Networks_RH_Limbic_TempPole_5,-0.092711,-13.178705331421781,-7.996246978112786,1.6898850109019594,limbic,RH,Limbic_TempPole_5
MDD,7Networks_RH_Limbic_TempPole_6,0.091823,-12.721447882473795,2.036433150096278,-0.2605851180464367,limbic,RH,Limbic_TempPole_6
MDD,7Networks_RH_Limbic_TempPole_7,0.043254,-15.303200126391317,-5.133351071940231,1.0263027704856613,limbic,RH,Limbic_TempPole_7
MDD,7Networks_RH_Cont_Par_1,-0.06283,-14.98761575097467,-12.289034580985911,-2.798589952377547,control,RH,Cont_Par_1
MDD,7Networks_RH_Cont_Par_2,-0.029351,-2.9411112419821794,-6.592130384826454,-3.6036298446800634,control,RH,Cont_Par_2
MDD,7Networks_RH_Cont_Par_3,0.05765,-9.574818753958501,-3.062585241902588,-4.4857222930810865,control,RH,Cont_Par_3
MDD,7Networks_RH_Cont_Par_4,0.00581,8.796538503060614,1.0678576570618201,-5.517359681520309,control,RH,Cont_Par_4
MDD,7Networks_RH_Cont_Par_5,-0.10358,-3.17405604002497,-4.141773370984901,-5.213522959543838,control,RH,Cont_Par_5
MDD,7Networks_RH_Cont_Par_6,-0.011339,-8.018280092096173,-5.887159593345539,-4.903116504445714,control,RH,Cont_Par_6
MDD,7Networks_RH_Cont_Temp_1,0.11226,-13.462637071811619,-9.858383023208177,-2.640400939081202,control,RH,Cont_Temp_1
MDD,7Networks_RH_Cont_Temp_2,0.10737,-10.583498539414077,-7.23275703899365,-3.7627827924206136,control,RH,Cont_Temp_2
MDD,7Networks_RH_Cont_PFCv_1,-0.19239,-6.0468860542029415,-10.56724521460398,0.4591014975650475,control,RH,Cont_PFCv_1
MDD,7Networks_RH_Cont_PFCl_1,0.086712,-13.571602781474237,-10.337479010914626,-1.67649779112432,control,RH,Cont_PFCl_1
MDD,7Networks_RH_Cont_PFCl_2,0.016775,-11.15870997475493,-9.672335637259234,-3.5078166281759353,control,RH,Cont_PFCl_2
MDD,7Networks_RH_Cont_PFCl_3,0.18372,-14.063859157132645,-11.946538384149736,-2.2629890454447046,control,RH,Cont_PFCl_3
MDD,7Networks_RH_Cont_PFCl_4,-0.04829,0.9987749296075852,-4.725368808026534,-3.2659556191415438,control,RH,Cont_PFCl_4
MDD,7Networks_RH_Cont_PFCl_5,0.11437,3.7517068104162106,-4.350419353219457,-2.3950596129510595,control,RH,Cont_PFCl_5
MDD,7Networks_RH_Cont_PFCl_6,-0.11684,-8.210248669736536,-6.889192691179142,-3.775676610831543,control,RH,Cont_PFCl_6
MDD,7Networks_RH_Cont_PFCl_7,-0.22578,-3.8471995558419945,-3.7989325855472518,-4.583923361463299,control,RH,Cont_PFCl_7
MDD,7Networks_RH_Cont_PFCl_8,0.1838,-12.870870610437743,-12.35788837473728,-0.8967556341700595,control,RH,Cont_PFCl_8
MDD,7Networks_RH_Cont_PFCl_9,-0.098913,-9.03511089952231,-7.789721281683678,-4.406389204349761,control,RH,Cont_PFCl_9
MDD,7Networks_RH_Cont_PFCl_10,-0.24615,-6.328607854328537,-3.670447086659396,-4.717836076753815,control,RH,Cont_PFCl_10
MDD,7Networks_RH_Cont_PFCl_11,-0.020339,-13.474028557381667,-11.19039185510198,-3.0695044608668884,control,RH,Cont_PFCl_11
MDD,7Networks_RH_Cont_PFCl_12,-0.15193,-12.873705835000317,-10.543302075422654,-3.430929453235748,control,RH,Cont_PFCl_12
MDD,7Networks_RH_Cont_PFCl_13,-0.11915,-6.598505662527773,-6.185769091495148,-1.6507617792264215,control,RH,Cont_PFCl_13
MDD,7Networks_RH_Cont_PFCl_14,-0.060397,-13.304033271037692,-9.653412453096955,-3.473783155490527,control,RH,Cont_PFCl_14
MDD,7Networks_RH_Cont_PFCl_15,-0.13474,-4.158397095745951,-2.5988711786246714,-4.903088536851324,control,RH,Cont_PFCl_15
MDD,7Networks_RH_Cont_pCun_1,0.016484,-14.248679601790002,10.658477767887609,1.6257224565288504,control,RH,Cont_pCun_1
MDD,7Networks_RH_Cont_pCun_2,0.14687,-18.761208701107904,-5.848566403507018,0.31493624553609684,control,RH,Cont_pCun_2
MDD,7Networks_RH_Cont_Cing_1,-0.010588,-16.395741691687242,-11.326806877008199,-0.20156307532057208,control,RH,Cont_Cing_1
MDD,7Networks_RH_Cont_Cing_2,0.07293,-7.3838818899898335,-10.521676291045189,-0.7997431944820015,control,RH,Cont_Cing_2
MDD,7Networks_RH_Cont_PFCmp_1,-0.03121,-9.577579681352326,-11.393475998488427,-0.21010169702166134,control,RH,Cont_PFCmp_1
MDD,7Networks_RH_Cont_PFCmp_2,-0.12586,-10.498136526461481,-10.506873431745023,-2.908350217492475,control,RH,Cont_PFCmp_2
MDD,7Networks_RH_Default_Par_1,-0.029846,-10.96352898912603,-8.844177541004347,2.1912736341415906,DMN,RH,Default_Par_1
MDD,7Networks_RH_Default_Par_2,-0.062186,-17.1939492821622,-3.032705014565125,1.351329248370371,DMN,RH,Default_Par_2
MDD,7Networks_RH_Default_Par_3,-0.1007,-18.249006673246168,-12.690271340508966,0.19529165966236695,DMN,RH,Default_Par_3
MDD,7Networks_RH_Default_Par_4,-0.10855,-12.842974452776799,-11.801659259387302,-1.5985903208238417,DMN,RH,Default_Par_4
MDD,7Networks_RH_Default_Par_5,0.0098451,-18.142278974241066,-13.29706864900518,-1.4463124795321771,DMN,RH,Default_Par_5
MDD,7Networks_RH_Default_Temp_1,-0.094628,-14.732292829538698,-10.693017844852582,1.5542686582013634,DMN,RH,Default_Temp_1
MDD,7Networks_RH_Default_Temp_2,-0.06014,-17.740025134399172,-12.522480478724484,0.7044036414137614,DMN,RH,Default_Temp_2
MDD,7Networks_RH_Default_Temp_3,-0.049946,-11.211747640971987,-9.143257644655227,2.462839786848532,DMN,RH,Default_Temp_3
MDD,7Networks_RH_Default_Temp_4,-0.12316,-13.007232474803805,-9.933148969951612,2.0325991234933256,DMN,RH,Default_Temp_4
MDD,7Networks_RH_Default_Temp_5,0.019999,-15.433058254272407,-13.142776763760425,0.8434174129937064,DMN,RH,Default_Temp_5
MDD,7Networks_RH_Default_Temp_6,-0.10783,-11.08401974618108,-10.698457336169342,2.171409304413456,DMN,RH,Default_Temp_6
MDD,7Networks_RH_Default_Temp_7,0.014382,-13.11602505235418,-11.17395813791369,1.2967569580635012,DMN,RH,Default_Temp_7
MDD,7Networks_RH_Default_Temp_8,-0.10116,-10.670139515030318,-10.433675657789887,2.290339219076317,DMN,RH,Default_Temp_8
MDD,7Networks_RH_Default_PFCv_1,-0.025127,-14.712295331161577,-11.387892750539203,0.9110186785437977,DMN,RH,Default_PFCv_1
MDD,7Networks_RH_Default_PFCv_2,-0.039384,-14.59243885610449,-10.762104903725222,-0.4067845618419216,DMN,RH,Default_PFCv_2
MDD,7Networks_RH_Default_PFCv_3,-0.045867,-12.306697894446357,-11.367713882151703,-0.002425787434924924,DMN,RH,Default_PFCv_3
MDD,7Networks_RH_Default_PFCv_4,-0.15684,-4.967086785189147,-8.971558919164796,1.2319786259387255,DMN,RH,Default_PFCv_4
MDD,7Networks_RH_Default_PFCdPFCm_1,-0.016432,-16.37317691729456,-11.640534953333438,0.06448857762452129,DMN,RH,Default_PFCdPFCm_1
MDD,7Networks_RH_Default_PFCdPFCm_2,0.10205,-19.113828415585655,-12.308485946822717,-0.09725687105117137,DMN,RH,Default_PFCdPFCm_2
MDD,7Networks_RH_Default_PFCdPFCm_3,-0.058523,-14.783781904946515,-12.713807893472206,-0.005690305427225833,DMN,RH,Default_PFCdPFCm_3
MDD,7Networks_RH_Default_PFCdPFCm_4,-0.037784,-18.28987876084841,-13.794603394202376,-0.11102687124769854,DMN,RH,Default_PFCdPFCm_4
MDD,7Networks_RH_Default_PFCdPFCm_5,0.14994,-18.404744903385097,-13.723354710181386,-0.5153198834590159,DMN,RH,Default_PFCdPFCm_5
MDD,7Networks_RH_Default_PFCdPFCm_6,0.28227,-9.070928881365784,-11.48689131625701,0.40310785686615674,DMN,RH,Default_PFCdPFCm_6
MDD,7Networks_RH_Default_PFCdPFCm_7,0.089262,-18.71798750606077,-14.380001328001567,0.0972000120005388,DMN,RH,Default_PFCdPFCm_7
MDD,7Networks_RH_Default_PFCdPFCm_8,0.029062,-18.755889073123928,-14.009667232695508,-0.3752696171624035,DMN,RH,Default_PFCdPFCm_8
MDD,7Networks_RH_Default_PFCdPFCm_9,0.034569,-17.2793646722954,-13.975881012534103,-1.2608858761353228,DMN,RH,Default_PFCdPFCm_9
MDD,7Networks_RH_Default_PFCdPFCm_10,-0.046408,-18.2634167625281,-11.628996842831818,-0.7713427010511545,DMN,RH,Default_PFCdPFCm_10
MDD,7Networks_RH_Default_PFCdPFCm_11,0.0958,-18.73477098251186,-14.382593684851749,-0.4960520011450913,DMN,RH,Default_PFCdPFCm_11
MDD,7Networks_RH_Default_PFCdPFCm_12,-0.055227,-17.77384179987182,-11.694795015311039,-1.2702166977299996,DMN,RH,Default_PFCdPFCm_12
MDD,7Networks_RH_Default_PFCdPFCm_13,0.095942,-15.757714002645375,-13.657168295970962,-0.7788922457529337,DMN,RH,Default_PFCdPFCm_13
MDD,7Networks_RH_Default_pCunPCC_1,-0.028987,-18.31488575073071,7.187339012913709,2.2444175027346875,DMN,RH,Default_pCunPCC_1
MDD,7Networks_RH_Default_pCunPCC_2,0.092732,-18.811135568371324,-4.013255520710454,0.6008620067497378,DMN,RH,Default_pCunPCC_2
MDD,7Networks_RH_Default_pCunPCC_3,-0.25392,-16.70176859662929,5.14851087420013,1.5429312221699198,DMN,RH,Default_pCunPCC_3
MDD,7Networks_RH_Default_pCunPCC_4,-0.0040065,-19.50921465200189,-8.210630505026327,0.27017997378300884,DMN,RH,Default_pCunPCC_4
MDD,7Networks_RH_Default_pCunPCC_5,-0.088862,-19.601934849116947,-7.408604664777205,0.33495433878530845,DMN,RH,Default_pCunPCC_5
MDD,7Networks_RH_Default_pCunPCC_6,0.073157,-18.586133478525483,-10.412808026334773,-0.6526239834557033,DMN,RH,Default_pCunPCC_6
MDD,7Networks_RH_Default_pCunPCC_7,0.095912,-15.609300956526578,-11.788253877830343,-0.3228198766600875,DMN,RH,Default_pCunPCC_7
MDD,7Networks_RH_Default_pCunPCC_8,0.065469,-19.402599143718774,-11.170696145436747,-0.21508526536243766,DMN,RH,Default_pCunPCC_8
MDD,7Networks_RH_Default_pCunPCC_9,0.10402,-17.992389254053663,-4.722813799742108,0.3457550012283122,DMN,RH,Default_pCunPCC_9
